movie_id,age_view10,age_view20,age_view30,age_view40,age_view50,age_sati10,age_sati20,age_sati30,age_sati40,age_sati50
213746,0,0,11,44,44,6.62,6.2,8.96,9.79,9.94
171539,0,30,29,17,23,9.68,9.64,9.66,9.61,9.45
174830,2,37,29,15,17,9.76,9.65,9.67,9.63,9.56
186114,5,35,25,15,20,7,9.51,9.3,9.86,9.6
192613,,,,,,7.8,9.78,8.87,5.27,9.36
144906,3,48,23,19,7,9.72,9.65,9.53,9.45,9.35
151196,2,34,27,29,8,9.64,9.62,9.57,9.44,9.3
169240,0,47,27,17,9,9.7,9.56,9.57,9.49,9.43
196843,17,56,17,8,2,9.68,9.32,9.27,9.1,9.46
175092,,,,,,9.66,9.71,9.28,9.37,9.19
157243,6,61,18,8,7,9.38,9.62,9.43,9.41,9.41
181710,2,38,34,18,7,9.59,9.62,9.5,9.31,9.41
196828,,,,,,5.67,5.94,6.62,8.89,9.92
179518,3,33,34,19,11,9.81,9.56,9.44,9.41,8.84
17421,0,82,12,6,0,9.52,9.54,9.43,9.32,8.66
10200,0,31,31,31,8,9.42,9.49,9.57,9.41,9
154667,3,47,29,16,5,9.73,9.65,9.28,9.03,9.18
10016,,,,,,9.62,9.29,9.22,9.38,8.47
187320,2,40,36,15,6,9.68,9.7,9.54,9.57,9.73
35939,7,57,14,21,0,9.58,9.35,9.42,9.46,9.39
18988,,,,,,9.49,9.41,9.4,9.54,9.17
69105,,,,,,9.42,9.44,9.49,9.32,9.25
156464,3,40,26,21,10,9.48,9.38,9.42,9.41,9.36
10002,2,61,18,16,2,9.56,9.33,9.54,9.44,8.8
10102,10,80,0,10,0,9.56,9.27,9.34,9.42,8.98
17159,5,56,27,12,1,9.57,9.44,9.2,9.32,8.78
106360,6,59,19,11,5,9.56,9.43,9.44,9.45,9.46
29217,,,,,,9.52,9.35,9.42,9.48,9.08
18847,14,59,13,9,5,9.69,9.26,9.07,9.26,9.07
22126,0,54,21,21,4,9.61,9.41,9.16,9.23,8.35
82432,,,,,,9.64,9.48,9.37,9.21,9
197647,0,17,33,33,17,9.4,9.68,9,9.42,9.09
35901,18,47,24,6,6,9.45,9.48,9.42,9.37,8.68
24452,1,34,39,18,7,9.49,9.41,9.45,9.35,8.8
32686,11,60,19,9,1,9.68,9.16,8.55,9.22,8.95
66463,,,,,,9.56,9.45,9.03,9.05,8.58
31162,,,,,,9.61,9.34,9.38,9.35,9.12
203288,,,,,,9.56,9.32,9.42,9.42,9.11
34324,0,29,71,0,0,9.62,9.13,9.15,9.27,9.08
11678,,,,,,9.63,9.53,9.23,8.91,9.43
147092,1,49,26,16,8,9.63,9.53,9.37,9.28,9.55
31796,2,53,31,11,3,9.57,9.31,9.01,9.34,8.47
92125,3,32,29,22,15,9.68,9.5,9.46,9.23,9.28
181700,5,35,25,15,20,9.95,9.28,9.29,9.46,9.38
10048,8,65,10,12,5,9.59,9.32,8.97,9.1,8.71
14450,4,45,29,14,8,9.49,9.5,9.33,9.1,8.77
136900,4,46,29,18,3,9.73,9.52,9.24,8.57,8.41
17170,9,73,9,9,0,9.54,9.43,9.16,9.34,9.08
163788,3,37,32,23,5,9.74,9.48,9.24,9.13,9.1
37886,,,,,,9.31,9.41,9.47,9.3,9.11
161850,6,52,21,15,6,9.78,9.46,9.38,9.34,8.99
134899,5,55,19,14,6,9.75,9.56,9.3,9.22,8.98
142632,0,62,26,9,3,9.66,9.56,9.49,8.91,9.3
12482,,,,,,9.44,9.46,9.28,9.39,8.65
18543,,,,,,9.43,9.54,9.27,9.02,8.17
30688,4,51,38,4,2,9.59,9.06,8.84,9.3,8.83
19079,8,42,17,0,33,9.5,9.4,9.36,8.98,9.04
130850,4,47,31,16,2,9.68,9.46,9.28,9.24,9.31
17541,,,,,,9.56,9.4,8.52,9.25,8.89
154573,1,35,30,18,17,9.53,9.72,9.56,9.14,9.48
19099,11,62,21,2,4,9.55,9.33,9.05,9.37,8.62
31795,0,43,43,11,3,9.58,9.28,9.01,9.11,8.86
189027,,,,,,9.4,9.29,9.38,9.49,9.05
51172,,,,,,9.71,9.43,9.06,9.38,9.07
73372,,,,,,9.69,9.15,8.62,9.2,8.9
19303,50,50,0,0,0,9.63,9.27,8.91,9.14,8.51
17441,,,,,,9.64,9.39,8.91,8.92,8.96
39636,3,54,20,17,6,9.51,9.29,9.23,9.27,8.9
17135,,,,,,9.44,9.31,9.33,9.31,9.22
12270,,,,,,9.57,9.29,9.17,8.95,9.09
10038,,,,,,9.4,9.22,9.49,9.37,9.33
16210,,,,,,9.66,9.26,9.47,9.02,9.19
76667,0,0,0,100,0,9.28,9.45,9.39,9.26,9.29
62586,17,48,28,2,4,9.47,9.35,9.06,9.26,9.11
182348,4,39,34,12,12,9.51,9.66,9.61,8.95,8.8
10114,3,46,24,17,10,9.52,9.29,9.19,9.2,8.95
189075,1,28,30,23,18,9.39,9.48,9.29,9.35,9.55
13008,,,,,,9.61,9.44,9.35,8.4,8.97
31013,4,46,34,13,4,9.35,9.41,9.39,9.32,8.65
87566,,,,,,9.56,9.35,9.12,9.14,9.45
73476,,,,,,9.48,9.37,9.28,9.02,8.78
34227,,,,,,9.47,9.25,9.2,9.28,9.24
144318,3,22,38,31,6,9.69,9.23,9.23,9.28,9.18
35187,8,62,23,6,2,9.55,9.24,9.21,9.1,9.23
25915,0,53,20,27,0,9.61,9.32,9.09,9.1,9.05
189111,0,17,37,21,24,9,9.01,9.37,9.42,9.58
16466,,,,,,9.63,9.18,9.45,8.71,8.82
18782,,,,,,9.58,9.2,9.27,9.03,8.41
75470,,,,,,9.55,9.27,9.15,9.08,9.1
34181,,,,,,9.59,9.16,9.18,9.07,8.51
52120,,,,,,9.45,9.37,9.16,9.04,9.05
152655,0,42,39,10,8,10,9.53,9.35,9.14,9.44
103535,,,,,,9.71,9.36,8.92,9.06,9.12
10001,9,47,25,6,12,9.2,9.36,9.56,9.1,9.17
70457,0,0,100,0,0,9.52,9.29,9.11,8.88,8.98
47528,,,,,,9.53,9.05,8.28,9.12,9.1
29657,,,,,,9.58,9.32,8.93,9.19,8.97
195975,,,,,,9.56,9.37,9.12,9.09,9
17153,,,,,,9.6,9.33,9.12,9.06,8.45
71081,,,,,,9.43,9.39,9.19,9.21,9.34
180220,,,,,,9.43,9.19,8.96,9.59,8.97
151728,3,32,37,25,3,9.58,9.46,9.44,9.27,9.31
10249,9,67,20,2,2,9.64,9.11,8.76,9.29,9.15
87307,,,,,,9.5,9.48,9.15,9.13,9.49
12297,,,,,,9.5,9.32,9.26,9.06,9.09
169561,,,,,,9.6,9.47,8.95,9.02,8.17
11608,,,,,,9.71,9.24,9.09,8.82,8.75
13500,,,,,,9.41,9.25,9.25,9.3,9.54
39584,,,,,,9.6,9.14,8.94,9.25,8.43
31268,0,100,0,0,0,9.46,9.2,9.33,9.26,9.58
14448,5,59,25,7,4,9.32,9.42,9.13,8.95,9.11
10746,0,100,0,0,0,9.59,9.09,9.46,9.16,9.43
10244,5,21,26,11,37,9.11,9.44,9.43,9.25,9.27
176354,,,,,,9.59,9.15,8.93,9.05,8.62
184517,5,50,24,16,5,9.29,9.46,9.31,8.92,8.92
178434,2,21,31,29,17,9.25,8.82,9.18,9.01,9.56
10012,,,,,,9.24,9.29,9.34,9.36,9.44
65021,,,,,,9.44,9.3,9.01,9.18,9.14
31726,0,100,0,0,0,9.51,9.2,9.09,9.39,9.02
28788,,,,,,9.58,9.23,9.02,9.05,9.1
18052,0,100,0,0,0,9.47,9.32,9.17,9.17,8.35
31794,2,62,29,6,1,9.44,9.28,9.05,9.08,9.42
18817,50,50,0,0,0,9.27,9.29,9.4,9.38,8.99
183132,1,35,34,21,9,9.1,9.07,9.15,9.41,9.03
89752,0,57,14,20,9,9.48,9.72,8.61,8.95,8.74
32112,,,,,,9.43,9.36,9.21,9.09,8.78
25266,,,,,,9.57,9.5,8.56,8.67,8.71
167787,7,56,20,11,5,9.69,9.61,9.04,8.66,8.46
16521,,,,,,9.53,9.4,8.77,9.1,8.32
150376,2,45,33,14,7,9.4,9.4,9.36,9.4,9.52
17869,,,,,,9.4,9.35,9.16,9.25,9
182525,0,22,30,30,19,9,8.62,9.16,9.68,9.51
70651,,,,,,9.59,9.32,8.81,9.1,9.29
10670,0,41,47,12,0,9.29,9.33,9.55,9.08,8.41
17111,,,,,,9.58,9.41,9.24,8.93,8.76
11104,,,,,,9.09,9.43,9.36,8.96,9.36
76309,8,63,15,11,4,9.29,9.42,9.41,9.52,9.61
51708,,,,,,9.15,9.44,9.25,8.8,9.07
10021,,,,,,9.39,9.27,9.45,9.36,8.89
30306,20,20,40,20,0,9.45,9.32,9.21,9.28,8.68
16531,0,43,14,29,14,9.33,9.41,9.27,9.35,9
183136,0,7,72,21,0,8.92,9.24,9.23,8.95,7.61
146534,1,29,32,26,11,8.74,8.98,9.31,9.38,8.99
146504,2,49,30,16,3,9.2,9.41,9.37,9.42,9.33
16216,,,,,,9.3,9.32,9.31,9.02,9.06
54900,,,,,,9.36,9.64,9.21,9.08,8.92
29571,0,60,10,10,20,9.29,9.25,9.46,9.21,9.23
15899,0,55,45,0,0,9.51,9.25,9.1,9.21,9.38
192066,9,52,28,9,2,9.81,9.29,9.09,9.09,9.17
38613,,,,,,9.52,8.69,8.69,9.16,9.16
144100,2,45,26,11,17,9.52,9.4,9.34,9.18,9.27
125724,5,35,34,19,7,8.94,9.67,9.19,7.75,8.5
196051,11,54,20,11,3,9.51,9.41,9.02,7.9,8.11
53951,,,,,,9.22,9.68,9.15,7.81,8.83
79762,,,,,,9.6,9.35,8.74,8.71,8.98
51083,,,,,,9.42,9.37,9.22,8.98,8.08
68555,8,59,19,9,6,9.57,8.99,8.5,9.27,8.49
70251,,,,,,9.18,9.41,9.33,9.33,8.52
70773,,,,,,9.74,9.3,8.95,9.24,8.84
58323,,,,,,9.52,9.16,9,9.36,9.36
19074,,,,,,9.55,9.28,8.97,8.99,9.06
17162,,,,,,9.36,9.34,9.14,9.17,9.04
75413,,,,,,9.56,9.35,9.12,9.17,8.77
18781,2,29,39,28,3,9.41,8.99,9.34,9.21,8.92
13967,,,,,,9.59,9.3,9.4,9.1,8.49
10101,25,25,50,0,0,9.36,9.18,9.3,9.19,9.62
194334,3,10,39,26,23,7.8,9.25,8.89,9.47,9.41
109193,4,30,31,33,3,9.6,9.39,9.18,8.89,8.71
31159,,,,,,9.49,9.24,9.36,8.99,9.01
10028,,,,,,9.12,9.12,9.47,9.38,9.64
59075,3,42,22,28,6,9.36,9.25,9.14,9.27,9.09
199860,4,40,38,12,6,9.81,9.41,9.18,9.25,9.2
151752,0,45,35,16,4,9.73,9.47,9.36,8.9,8.94
100654,3,45,27,19,5,9.38,9.32,9.38,9.16,8.67
187051,7,25,25,35,8,9.53,8.82,8.97,8.96,8.98
148338,26,58,9,6,2,9.75,9.18,7.57,8.19,7.74
10217,,,,,,9.35,9.13,9.46,9.15,9.63
10936,19,65,7,5,5,9.49,9.14,8.94,9.19,8.7
41375,,,,,,9.5,9.26,9.1,8.99,8.3
27578,,,,,,9.51,9.27,8.87,9.18,8.66
45774,,,,,,9.63,7.88,7.27,8.61,8.72
29059,1,45,26,13,15,9.58,9.17,8.81,9.31,9.29
185275,3,33,39,14,10,9.7,9.09,9.39,9.3,9.31
36718,,,,,,9.47,9.23,8.85,8.88,9.42
44529,,,,,,9.5,9.08,9.09,9.3,9.03
12393,,,,,,9.56,9.25,9.22,8.74,9.32
83893,,,,,,9.6,9.25,8.93,9.1,9.31
172980,0,0,50,50,0,9.91,8.8,9.17,9.37,9.72
71509,,,,,,9.41,9.27,9.21,9.25,8.88
10105,,,,,,9.55,9.31,9.02,8.91,8.37
167107,6,55,28,8,4,7.76,9.38,9.42,8.81,9.48
51462,,,,,,9.36,9.32,9.12,9.18,9.32
34010,,,,,,9.44,9.27,8.87,9.21,8.97
71932,,,,,,9.73,9.14,8.96,8.78,9.11
13172,,,,,,9.46,9.31,9.19,8.71,8.82
16218,,,,,,9.55,9.2,8.66,9.12,8.96
36798,,,,,,9.4,9.24,8.96,9.02,9.12
84148,,,,,,9.07,9.43,9.36,8.45,8.78
31788,,,,,,9.41,9.26,9.1,9.1,8.94
29953,,,,,,9.02,9.34,9.2,9.13,9.54
10020,6,41,18,24,12,9.4,9.31,9.17,8.53,9.27
30897,,,,,,9.59,9.24,8.6,9.21,8.44
31170,,,,,,9.8,8.85,8.61,8.07,10
12993,,,,,,9.23,9.33,9.35,8.89,9.06
130013,7,50,24,13,7,9.54,9.51,9.13,8.87,8.99
52515,8,59,23,6,4,9.56,9.21,8.6,8.87,8.83
35100,,,,,,9.63,9,8.83,8.63,8.8
17903,,,,,,9.64,9.17,8.71,8.57,8.96
175727,0,6,75,18,1,5.26,8.21,9.37,9.09,8
63403,,,,,,9.1,9.3,9.25,9.16,9.21
39436,,,,,,9.45,9.19,9.01,8.97,7.98
50672,,,,,,9.46,9.27,8.99,8.88,8.37
205968,9,53,32,6,0,9.47,9.3,9.02,9.15,9.54
164907,3,15,43,37,2,9.14,8.84,9.41,9.48,9.34
31148,,,,,,9.54,9.34,8.7,8.8,9.42
24542,,,,,,9.37,9.26,9.03,9.07,9.42
79435,,,,,,9,9.3,9.4,9.32,9.71
48602,,,,,,9.5,9.32,8.79,9.13,8.95
68502,0,25,25,50,0,9.5,9.07,8.92,9.03,8.82
158191,4,44,26,18,7,9.58,9.22,9.1,9.28,8.86
134841,0,42,22,16,19,9.76,9.42,9.31,9.08,9.08
201073,2,48,39,7,4,9.71,9.63,9.46,8.62,9.29
10185,,,,,,9.54,9.25,9.01,9.09,8.57
79749,,,,,,9.51,9.18,9.23,8.51,8.47
142305,3,55,21,14,7,9.66,9.43,9.02,9.11,9.24
10314,0,83,0,17,0,9.32,9.3,9.14,9.18,8.76
17486,,,,,,9.3,9.26,9.33,9.23,8.67
136990,2,25,37,33,3,9.47,9.13,8.79,8.77,9
10058,1,37,18,22,22,9.59,9.11,9,9.15,9.57
75216,,,,,,9.51,8.07,8.39,8.4,6.68
68031,17,33,17,33,0,9.3,9.3,9.21,9.12,8.84
190395,0,23,45,30,2,8.4,8.79,9.31,9.41,9.08
10173,,,,,,9.36,9.07,9.39,9.3,9.29
195687,9,69,17,5,1,9.17,9.1,8.97,8.36,9.25
10341,3,67,14,11,6,9.38,9.62,8.52,9.06,8.33
144379,3,47,26,14,10,9.62,9.47,9.3,9.34,8.88
18552,,,,,,9.51,9.08,9.07,9.27,9.42
115298,2,76,12,6,4,9.61,9.41,9.08,8.2,9.51
10003,0,45,52,3,0,9.46,9.03,9.28,9.36,9.23
11295,,,,,,9.27,9.26,8.89,9.26,9.9
181286,0,76,6,18,0,9.44,9.34,9.05,9.16,8.46
18610,,,,,,9.47,9.16,9.22,9.16,9.11
32116,,,,,,9.4,9.28,8.97,8.87,8.98
11003,,,,,,9.46,9.13,9.1,9.5,9.2
10046,50,25,0,25,0,9.38,9.23,8.98,9.15,9.37
142304,0,36,36,18,10,8.25,9.2,9.32,9.04,9.3
172780,2,22,36,34,7,9.07,8.93,9.37,9.13,8.69
34522,,,,,,9.4,9.24,8.9,9.17,9.39
10018,,,,,,9.47,9.04,9.07,9.45,8.5
17440,,,,,,9.52,9.03,9.12,8.74,9.42
28677,,,,,,9.41,9.2,9.11,9.27,9.01
10600,0,0,100,0,0,9.37,9.27,9.38,9.21,8.49
16217,,,,,,9.34,9.29,9.13,8.93,9.2
190244,0,67,33,0,0,9.37,9.33,9.33,8.89,8.97
151106,7,64,21,6,2,9.72,9.61,7.41,7.52,8.82
36666,,,,,,9.34,9.13,9.02,9.21,9.12
38091,,,,,,9.4,9.19,8.93,9.22,9.1
139613,0,40,36,13,11,9.57,9.48,9.45,9.18,9.38
47152,,,,,,9.28,9.22,9.11,9.34,9.24
140711,19,61,10,8,2,9.39,9.2,8.46,8.76,7.79
154379,3,37,42,11,7,9.74,9.53,9.26,8.81,8.85
10072,,,,,,9.33,9.27,9.08,9.18,9.01
10647,,,,,,9.48,9.11,9.33,8.75,9.27
10061,5,68,15,7,5,9.35,9.16,9.13,9.44,9.4
38227,,,,,,9.41,9.17,9.15,9.22,8.98
10047,,,,,,9.57,9.23,9.29,8.85,9.5
171725,5,50,23,19,3,9.48,9.31,8.9,8.87,8.79
18542,,,,,,9.43,9.35,9.16,8.48,8.49
187322,5,53,28,9,5,9.61,9.26,9.1,8.92,9.03
154437,1,39,31,17,12,9.15,9.05,9.31,9.62,9.49
37486,,,,,,9.54,8.92,8.77,9.21,8.09
58088,,,,,,9.3,9.26,9.05,9.08,8.55
172174,2,36,34,16,13,9.1,9.29,9.24,9.13,8.93
57723,0,43,41,4,11,9.26,9.22,9.06,9.37,9.04
143469,6,43,31,13,7,9.78,9.31,9.19,9.15,9.04
51143,,,,,,9.51,8.81,8.68,9.14,8.67
63513,17,52,17,13,0,9.56,8.88,8.3,9.09,8.62
10561,,,,,,9.37,9.33,8.76,9.17,9.46
19335,6,60,21,7,6,9.67,9.16,8.98,8.95,8.58
11002,,,,,,9.48,9.24,9.32,8.9,8.98
134772,5,53,21,14,7,9.61,9.37,9.34,9.14,8.17
22082,,,,,,9.56,9.29,8.93,7.97,8.8
32610,,,,,,9.39,9.24,8.82,9.38,9.05
168050,3,57,26,8,6,9.43,9.31,9.15,9.09,9.05
19469,,,,,,9.51,9.19,8.93,8.92,9.11
152160,28,60,4,6,1,9.24,8.46,6.15,5.81,7.27
160135,2,28,33,23,15,8.9,8.39,9.18,9.37,9.06
138877,11,62,13,9,5,9.66,9.27,8.96,8.9,9.43
75378,10,50,40,0,0,9.52,9.26,8.93,8.97,9.01
10110,2,50,17,25,6,9.17,9.15,9.35,9.35,8.57
10688,0,0,0,100,0,9.18,9.26,9.04,9.28,9.1
10669,,,,,,9.57,9.17,8.97,8.26,9.18
92075,6,63,21,5,4,9.61,9.27,8.82,8.92,8.98
24194,,,,,,9.24,9.27,8.95,8.98,9.35
31827,5,68,20,6,1,9.21,9.23,8.98,9.03,8.35
169349,0,9,78,13,1,8.85,9.24,8.93,8.33,9.67
130849,1,18,51,29,1,9.02,9.28,9.26,9,9.15
180361,,,,,,9.45,8.82,9.08,8.97,9.23
10039,0,44,33,0,22,9.26,9.19,9.18,9.2,8.91
63156,,,,,,9.49,9.23,8.95,9.21,9.01
18934,,,,,,9.57,8.82,8.29,9.09,8.37
34093,33,67,0,0,0,9.42,9.21,9.04,9.19,9.19
39857,,,,,,9.48,8.98,8.8,9.18,9.41
12324,,,,,,9.39,9.23,9.17,8.95,9.09
13957,0,100,0,0,0,9.12,9.29,9.27,8.97,8.83
17942,0,20,80,0,0,9.46,9.13,9.24,9.1,8.83
158578,28,56,6,9,2,9.26,7.85,6.4,9,8
201898,0,83,0,0,17,9.6,9.51,9.06,9.04,9.22
62329,,,,,,9.17,9.33,9.13,8.58,9.05
145736,28,53,5,12,2,9.41,8.77,7,8,5.8
173692,1,22,24,25,27,8.62,9.1,8.92,8.91,9.12
85825,2,67,14,11,7,8.56,9.57,9.08,8.49,8.71
10740,,,,,,9.03,9.5,8.86,8.93,8.05
17796,2,40,25,15,17,9.36,9.26,9.38,8.81,9.31
66801,,,,,,8.69,9.44,9.43,8.22,7.8
19527,,,,,,9.49,9.33,8.6,9,9.29
10071,,,,,,9.23,9.22,9.27,9,8.87
169348,37,41,5,13,4,9.55,8.22,7.6,7.35,7.75
17131,,,,,,9.56,8.95,9.03,9.06,9
87308,,,,,,9.44,9.01,9.06,8.94,8.84
135843,5,50,23,16,6,9.35,9.03,9.04,9.05,8.39
13042,,,,,,9.27,8.95,9.18,9.35,9.53
181717,4,55,25,7,10,9.75,9.47,9.33,7.87,8.54
10980,,,,,,9.33,9.09,9.14,9.33,9.14
13234,0,100,0,0,0,9.06,9.21,9.22,8.97,9.3
180372,0,4,69,26,1,6.43,9.78,9.04,8.9,8.67
64128,,,,,,9.16,9.33,9.25,8.4,8.33
24008,,,,,,9.54,8.96,8.85,8.7,8.76
16487,,,,,,9.35,9.22,8.96,8.93,9.33
67696,,,,,,9.54,8.64,8.5,8.76,8.57
19521,,,,,,9.56,8.96,9,9.24,9
17685,,,,,,8.36,9.15,9.59,9.04,9.06
194463,8,43,32,13,4,8.06,9.19,9.3,9.07,9.25
31110,,,,,,9.33,9.28,8.82,8.77,8.33
10448,0,0,100,0,0,9.15,9.41,8.97,8.9,8.64
143495,4,50,23,16,7,9.48,9.39,9.23,9.25,9.14
16998,,,,,,9.21,9.14,9.36,8.74,8.13
187308,3,49,34,9,5,9.72,9.38,9.03,8.79,8.69
161242,2,56,29,10,3,9.2,9.23,9.01,8.81,8.85
62265,,,,,,9.4,9.18,8.74,9.21,9.18
65463,,,,,,9.4,9.1,8.9,9.11,8.4
26333,,,,,,9.26,8.89,9.37,9.2,9.48
94594,,,,,,9.4,9.3,9.12,8.83,8.67
17997,,,,,,8.85,9.04,9.25,9.49,9.35
167699,2,36,26,26,11,9.56,9.27,9.02,8.91,8.73
10440,,,,,,9.55,8.99,8.85,8.73,8.93
47385,,,,,,9.45,8.95,8.72,8.98,8.12
71987,,,,,,9.49,8.51,8.07,9.14,9.19
137358,0,53,35,8,3,9.64,9.53,9.1,9.44,9.43
46985,,,,,,8.91,8.73,9.04,9.4,8.79
58333,,,,,,9.24,9.19,9.08,8.9,8.8
47986,,,,,,9.54,8.95,9.05,9.05,9.04
82219,,,,,,9.54,8.93,8.93,9.19,9.16
58437,,,,,,9.47,8.85,8.29,9.25,9.12
16503,,,,,,9.15,9.05,9.25,9.11,9.4
146489,2,18,41,37,3,9.51,9.19,9.29,8.87,9.17
66724,,,,,,9.37,8.17,9.2,8.66,9.33
32115,,,,,,9.53,8.94,7.8,9.28,8.67
31422,0,0,50,50,0,9.47,8.88,9.24,9.32,9.33
19031,4,58,25,8,5,9.25,9.09,9.2,8.75,8.64
100931,5,37,38,18,2,9.43,8.98,8.6,8.88,8.84
93005,29,36,36,0,0,9.48,8.84,9.05,9.17,8.98
154222,3,35,25,27,10,9.57,9.08,9.09,9.05,9.04
120788,4,15,59,21,1,9.63,9.21,9.41,9.48,8.95
17254,,,,,,9.53,8.97,8.92,8.9,9.18
16091,,,,,,9.57,9.08,8.88,8.93,9.27
17327,7,52,19,19,4,9.33,8.96,9.35,9.04,9.22
31801,12,44,19,12,12,9.13,9.17,9.19,9.06,9.32
113132,0,56,24,12,9,9.4,9.42,9.15,9.19,9.27
88473,,,,,,9.23,9.52,8.97,8.66,9.38
56083,,,,,,9.41,9.01,8.77,9.14,8.53
123688,0,75,25,0,0,9.55,9.29,9.21,8.95,9.1
37888,,,,,,9.37,9.2,8.68,8.78,7.91
180379,0,4,64,31,1,7.53,8.55,9.33,9.01,8.2
189000,4,46,29,12,9,9.53,9.31,8.98,9.02,8.8
18871,0,50,50,0,0,9.31,9.16,8.88,9.12,8.59
76016,,,,,,9.54,9.03,8.44,9.12,8.7
38444,4,61,25,7,3,9.24,9.21,8.86,8.54,8.63
10004,,,,,,9.5,9.03,8.69,9.06,9.52
18531,,,,,,9.48,8.98,8.85,8.39,8.17
109905,3,54,29,11,3,9.52,9.26,8.91,8.79,9.07
150687,3,36,24,16,21,9.43,9.14,9.36,8.83,8.99
162824,0,17,45,32,6,7.11,8.49,8.97,9.4,8.74
10037,0,25,75,0,0,9.11,8.95,9.43,8.95,9.12
33410,,,,,,9.19,9,9.23,9.2,9.12
10282,,,,,,9.52,9.15,9.15,9.11,8.42
36565,0,100,0,0,0,9.31,9.14,9.04,9.02,8.57
164290,32,57,3,5,2,9.35,8.6,5.1,7.7,7.8
45290,8,50,22,16,5,9.56,9.32,8.62,8.42,8.54
184518,2,21,33,39,5,9.06,8.67,9.14,9.02,8.32
109911,3,21,51,24,1,9.26,9.02,8.92,9.03,9.36
10050,25,25,50,0,0,9.57,9.19,9.03,8.93,8.98
180687,3,49,36,10,2,9.63,9.19,8.9,8.42,8.72
30301,,,,,,9.35,9.13,8.76,8.77,8.82
39640,15,45,23,14,2,9.4,8.58,8.38,9.09,8.94
34497,,,,,,9.5,8.72,9.11,9.07,8.61
37880,,,,,,9.57,8.13,8.25,8.9,8
19128,,,,,,9.45,9.17,8.76,8.64,7.87
11502,,,,,,9.54,8.92,9.05,9.24,9.08
177374,5,40,23,22,11,9.53,9.1,8.99,9.04,9.12
53158,,,,,,9.6,8.82,7.97,8.64,8.67
18173,,,,,,9.24,8.98,9.01,9.26,9.42
24830,4,49,28,11,8,9.19,9.04,9.11,9.05,9.05
19068,,,,,,8.49,9.4,8.64,8.65,9.1
155356,6,61,19,10,4,9.69,9.36,8.71,8.56,8.51
24668,,,,,,9.4,9.03,9.07,9.06,8.76
44111,,,,,,9.01,9.19,9.05,8.95,8.84
17970,3,61,24,7,5,9.28,9.17,8.92,8.71,8.6
10609,,,,,,9.31,9.2,9.36,8.6,8.95
14152,,,,,,8.93,8.98,9.17,9.09,9.4
210807,0,34,53,12,0,8.8,8.78,9.14,9.22,9.32
125417,4,47,28,11,10,9.59,9.14,9.18,9.08,9.42
10181,,,,,,9.74,8.91,8.72,9,9.25
68695,,,,,,9.09,9.19,8.9,8.94,8.77
69102,,,,,,9.55,9,8.4,9.04,9
156185,21,55,10,8,6,9.56,8.79,5.52,7.22,7.71
164104,6,63,28,3,1,9.9,9.46,8.2,7.14,9.11
31475,0,0,75,0,25,8.88,9.19,9.22,8.93,8.88
165461,1,29,29,28,14,8.9,8.69,8.99,9.35,9.08
24094,,,,,,9.6,8.86,8.69,8.95,9.36
10113,0,0,0,75,25,8.84,8.82,9.38,9.19,9.33
14802,1,51,17,10,21,9.39,9.04,9.08,9.06,8.88
133402,7,41,33,12,6,9.63,9.29,9.02,9.08,9
16172,,,,,,9.46,9.11,8.95,8.32,9.33
39813,,,,,,9.2,9.25,9.01,8.55,8.01
10006,,,,,,9.49,8.83,9.05,8.81,9.78
10019,,,,,,9.42,9.03,9.07,9.05,9.29
129802,0,39,37,15,9,10,9.15,9.71,8.9,9.79
11307,4,35,26,9,26,9.4,8.92,9.18,9.26,8.68
29102,,,,,,9.39,9.04,9.06,8.92,9.3
39654,,,,,,9.21,9.1,8.92,9.11,8.55
115622,3,35,39,20,2,9.41,9.29,8.96,8.75,8.84
27245,,,,,,9.31,8.91,9.28,8.76,9.27
16868,,,,,,9.46,8.86,9.51,8.54,9.07
39809,14,57,29,0,0,9.1,8.93,9.2,9.35,9.4
62266,,,,,,8.95,9.24,9.25,8.9,8.91
117787,1,59,28,9,3,9.69,9.4,9.07,8.8,9.15
16601,1,37,25,21,16,8.37,9.12,9.31,9.19,9.21
202381,0,0,0,100,0,2.67,5.5,5.9,8.88,9.7
54973,,,,,,9.35,9.07,8.62,8.71,8.38
174626,,,,,,9.36,9.18,9.11,8.92,8.95
39440,7,69,15,5,3,9.37,8.97,8.41,8.85,8.65
17265,,,,,,9.32,9.19,9,8.31,9.09
37148,,,,,,9.48,8.64,8.02,9,8.51
184403,0,70,10,10,10,8.64,8.76,9.12,9.07,9.26
10630,,,,,,9.36,9.24,8.83,8.87,9.13
70910,,,,,,9.5,9.07,8.88,9.09,9.06
180169,4,44,27,18,7,9.74,9.45,8.83,8.68,8.61
36992,,,,,,9.16,9.06,8.97,8.92,9.01
122131,0,67,0,33,0,9.13,9.49,8.27,8.11,8.61
85094,,,,,,9.33,7.19,8.26,8.82,8.65
10022,,,,,,9.66,9.33,8.95,8.07,8.13
18865,,,,,,9.32,9.02,8.98,9.36,8.59
53881,,,,,,9.42,8.86,8.92,9.05,9.01
17260,,,,,,9.48,9.01,9.31,8.87,8.43
38899,7,68,14,7,5,9.26,8.99,8.57,8.95,8.79
25906,,,,,,9.06,9.14,9.19,8.83,8.99
68567,0,50,25,8,17,9,9.13,8.85,9.19,9.19
19517,,,,,,9.6,8.91,9.02,9.19,9.17
153621,3,41,33,16,8,8.8,9,8.94,8.81,8.53
14012,,,,,,8.97,9.28,9.07,8.82,8.53
185282,7,61,22,7,4,9.68,9.29,8.5,8.66,8.34
13480,,,,,,8.91,9.31,8.82,8.97,9.08
76460,,,,,,9.55,8.81,8.41,9.07,8.69
60753,,,,,,9.2,9.19,8.61,8.89,8.34
45264,,,,,,9.16,9.25,8.98,8.92,7
10040,,,,,,9.46,8.58,9.35,9.15,8.44
10035,,,,,,8.96,9.09,9.13,8.95,9.48
17092,,,,,,9.4,9.11,8.72,8.91,9.34
36858,,,,,,9.36,8.8,8.64,8.85,9.12
129781,42,25,13,18,3,9.41,7.23,7.32,8.4,6.62
19147,,,,,,9.19,9.01,8.86,9.11,9.08
26677,,,,,,9.41,8.94,8.37,8.97,9.03
37759,,,,,,9.14,9.06,8.93,9.04,8.84
56414,,,,,,9.32,8.96,8.88,9.03,9.34
165022,1,41,28,16,14,9.13,9.06,9.15,8.93,8.99
62263,,,,,,9.51,9.06,8.45,8.99,8.84
192623,0,58,16,16,11,9.82,9.49,8.33,6.74,8.22
173019,17,33,18,29,3,9.51,8.36,7.57,8.47,7.8
129764,1,34,31,21,13,10,9.16,8.28,8.42,8.25
26112,,,,,,9.45,8.88,9.18,8.98,8.82
53034,,,,,,9.44,8.72,8.4,8.89,8.13
83213,,,,,,9.5,9.1,8.88,9.12,8.43
36944,0,50,50,0,0,9.07,9.1,8.81,9.22,8.84
18827,,,,,,9.38,9.01,8.89,8.96,9.5
39894,0,100,0,0,0,9.26,8.98,8.6,8.65,7.67
39434,,,,,,9.04,9.31,8.61,8.76,8.24
30076,,,,,,9.38,8.8,9.13,9.11,8.85
50724,0,19,56,12,12,8.97,9.03,9.19,9.08,8.95
147001,1,48,28,16,7,9.6,9.04,9.03,8.95,8.78
31882,3,69,17,6,5,9.31,8.93,9.08,8.61,8.33
17524,,,,,,9.25,9.16,9.05,8.76,8.43
140653,4,47,36,12,1,9.5,9.49,9,7.97,9.2
107992,2,13,41,40,3,8.96,8.77,8.83,8.99,7.5
97696,,,,,,9.54,9.24,9,8.68,8.84
76347,,,,,,9.3,9.15,8.81,8.63,8.53
47321,2,56,28,8,6,9.67,9.32,9.35,9,9.36
97826,,,,,,8.64,9.12,9.04,9.35,9.5
47411,,,,,,9.18,8.93,8.89,8.92,9
96379,7,60,22,9,3,9.34,9.14,8.73,8.54,8.55
11141,,,,,,9.48,9.16,9.24,8.56,8.11
10034,,,,,,9.25,8.8,8.97,9.27,9.32
172006,,,,,,9.5,8.58,9.39,7.74,7.23
37398,,,,,,9.61,8.91,8.65,8.98,8.6
177335,1,29,33,20,17,7.83,9.4,8.71,8.15,9.44
187351,3,39,33,22,3,9.31,9.08,8.89,9.02,8.62
91101,0,50,50,0,0,8.09,9.26,9.32,8.8,8.37
103331,2,41,22,17,17,9.42,9.2,9.12,8.76,9.34
16208,0,67,33,0,0,9.38,9.07,8.65,8.67,9.12
46494,,,,,,8.94,9.06,9.12,9.09,8.88
10828,,,,,,8.74,9.27,9.23,8.82,8.88
146469,4,45,26,19,6,9.62,8.99,8.62,8.65,8.24
10064,,,,,,9.55,8.99,8.6,9.05,9.38
33755,,,,,,9.36,8.97,8.92,8.76,9.1
75508,,,,,,9.11,9.43,9.24,7.69,8.87
31778,,,,,,9.15,8.92,9.15,9.17,8.77
43208,,,,,,9.38,8.94,8.7,9.13,8.66
200896,5,43,37,11,3,9.24,9.46,8.94,8.95,8.62
74205,,,,,,9.39,8.82,8.4,8.9,6.72
37929,,,,,,9.35,8.97,8.68,9.01,8.67
10504,,,,,,9.02,9.08,9.03,8.86,9.33
96372,,,,,,9.42,9.32,8.97,8.82,9.37
179694,1,19,27,19,35,5.67,7.88,8.17,8.7,9.33
154653,0,39,43,9,10,8.89,9.42,9.11,8.59,8.67
183772,5,32,36,25,2,9.3,8.86,8.48,8.69,9.04
146560,4,64,24,6,2,9.68,9.25,8.72,8.5,8.78
29756,0,55,35,10,0,9.23,9.03,8.91,8.88,8.9
71760,6,38,50,6,0,9.27,9.07,8.85,9.01,8.68
72054,2,41,34,20,2,9.39,9.15,8.44,8.71,8.94
101966,1,36,33,15,14,8.93,8.93,8.91,8.87,8.99
178097,5,22,20,35,18,9.39,8.68,8.84,8.36,8.81
182699,,,,,,10,9.28,8.42,9.14,9.03
27899,0,67,0,0,33,9.26,9.08,8.69,8.86,9.19
83883,,,,,,9.48,9.11,9.19,8.06,9.2
202903,2,35,38,21,4,9.08,8.93,8.86,8.97,9.21
62262,,,,,,9.17,8.92,8.94,8.9,8.61
31231,,,,,,9.36,9.02,8.85,9.17,9.38
10489,,,,,,9.36,8.93,9.26,8.94,8.86
92069,3,52,24,16,4,9.65,9.28,8.97,8.65,9.1
143357,0,30,17,26,26,6.4,8.44,9.09,9.36,9.2
102272,5,55,20,14,6,9.54,9.24,8.47,8.42,8.85
37936,0,50,38,0,12,9.35,8.99,8.47,9.07,8.84
188056,1,42,41,11,5,9.23,9.35,9.05,8.65,8.56
17521,,,,,,9.3,9.07,8.89,8.88,8.44
95767,4,39,39,15,2,9.58,9.44,8.34,8.64,9.33
102875,6,40,28,18,8,9.46,9.07,8.38,8.63,8.97
141675,0,7,59,32,1,8.86,8.82,9.47,9.12,8.25
10751,,,,,,9.44,9.06,8.87,8.8,8.77
52528,,,,,,9.34,9.04,8.82,8.64,8.74
10242,,,,,,7.96,8.99,9.28,9.2,9.27
10262,3,73,24,0,0,9.48,9.07,9.09,8.75,8.38
86381,,,,,,9.1,8.55,8.57,8.22,9.89
10970,2,39,27,18,14,9.17,8.85,9.09,9.22,8.74
88669,15,52,23,7,3,9.53,8.87,8.37,8.85,8.94
98403,,,,,,9.47,8.44,8.96,9.1,8.85
109778,6,59,23,9,3,9.45,9.2,8.99,8.93,8.99
174659,0,25,40,22,12,10,9.16,9.08,9,8
27219,0,36,45,18,0,9.09,8.97,9.18,8.96,8.54
115977,4,49,26,16,5,9.45,8.86,8.34,8.3,8.44
52504,,,,,,9.18,7.95,9.01,8.74,7.84
136876,2,53,26,15,4,9.59,9.23,8.86,9.01,9.02
144083,,,,,,9.42,8.97,9.1,9.17,8.9
155963,35,37,4,19,4,8.96,8.9,6.25,8.2,7
191920,0,32,38,19,10,8.86,9.09,8.94,9.06,9.27
130989,2,51,26,16,4,9.47,9.21,8.92,8.82,9.21
137865,0,60,20,8,12,9.3,9.41,8.14,8.84,8.39
112040,4,35,29,27,5,9.34,9.19,9.08,9.1,9.1
66158,2,43,28,13,13,9.33,8.67,8.28,9.09,8.83
39810,,,,,,9.28,9.24,8.5,8.55,8.89
120076,34,57,3,4,2,9.47,8.59,7.78,8.24,8.32
181912,12,52,20,9,7,9.55,9.05,8.86,8.57,8.78
21162,,,,,,8.72,9.07,9.08,8.56,9.88
18050,8,46,31,12,4,9.3,8.96,8.92,8.52,8.67
156912,2,65,17,11,5,9.45,9.28,9.01,8.61,8.95
101901,4,44,32,14,5,8.88,8.89,9.3,9.09,8.23
107924,5,50,26,15,4,9.41,8.95,8.69,9,8.88
53441,,,,,,9.34,9.3,8.66,7.97,8.12
168693,0,24,35,32,8,9.68,8.79,9.06,9.16,8.96
118917,4,61,19,10,5,9.57,9.11,8.89,8.64,8.88
191597,2,31,37,23,7,9.12,8.74,9.3,8.68,9.05
10005,,,,,,9.33,8.83,8.89,9.11,9.33
44020,,,,,,9.26,8.96,8.5,8.9,8.79
31906,,,,,,9.43,8.98,8.85,8.54,9.57
38464,1,62,28,5,3,8.91,9.1,9.02,8.77,8.55
149511,,,,,,9.69,8.41,7.74,9.13,7.19
17626,,,,,,9.14,8.93,8.99,9.06,9.31
93749,0,100,0,0,0,9.11,9.31,9.17,8.11,8.48
121788,2,54,28,12,5,9.28,9.09,8.99,8.76,8.7
70427,,,,,,8.32,9.44,9.05,9.14,9.61
18682,,,,,,8.95,8.97,9.04,9.13,9.48
146512,4,61,22,9,3,9.63,9.13,8.75,8.83,8.9
100930,,,,,,6.81,8.66,8.99,7.95,9.87
88793,50,50,0,0,0,8.89,9.55,9.11,7.61,8.25
82428,,,,,,9.32,8.9,8.72,8.93,9.17
34362,,,,,,9.06,8.88,9.1,9.04,9.5
26679,,,,,,9.49,9.02,8.89,8.62,9.21
11572,,,,,,9.36,9.04,9.41,7.33,8.92
65998,5,57,23,10,5,9.22,8.9,8.75,9.11,8.79
18488,,,,,,9.53,8.85,9.04,8.96,9.02
68563,,,,,,9.26,8.92,8.65,8.6,8.8
34566,,,,,,9.65,8.92,8.55,8.98,8.45
57997,,,,,,9.33,9.11,8.78,8.24,8.59
10007,,,,,,9.37,8.87,8.45,8.97,9.55
30796,5,65,20,0,10,9.02,8.91,9.17,9.14,8.87
149049,11,24,25,38,2,9.4,8.41,8.46,9.04,9.47
19516,,,,,,9.36,8.88,8.68,8.29,8.57
38835,,,,,,9.22,8.92,8.71,8.85,8.82
10238,,,,,,9.27,8.87,9.01,8.96,8.94
77117,,,,,,9.29,9.33,8.22,8.52,8
100022,,,,,,9.31,8.88,7.42,8.74,9.1
36727,,,,,,9.24,8.8,8.92,9.11,8.83
73339,,,,,,9.35,8.74,8.34,9.02,8.64
95260,0,0,33,0,67,9.24,9.02,9.12,8.75,8.81
144938,2,17,57,23,1,9.23,9.13,8.9,9,9.39
69917,,,,,,9.34,8.76,8.5,9.11,8.65
24926,,,,,,9.37,9.01,8.69,8.92,9.12
23859,,,,,,9.25,8.72,9.3,8.55,9.52
10877,0,33,67,0,0,9.61,9.02,8.83,8.79,9.2
168023,3,47,29,18,3,9.48,9.2,8.83,8.39,8.87
64129,,,,,,9.24,8.99,8.8,9.07,9.06
53945,,,,,,9.51,9.27,8.74,6.68,9.2
31118,,,,,,9.45,9.03,8.48,8.5,8.13
182387,6,58,25,6,5,9.53,9.43,8.68,7.8,8.3
164115,4,42,24,20,10,9.44,8.96,8.75,8.64,9
121048,4,47,25,18,6,9.48,8.94,8.45,8.62,8.65
172187,1,9,56,33,1,9.2,8.33,8.57,8.39,5.71
32911,,,,,,9.36,8.99,8.84,8.23,8.2
36590,0,67,0,33,0,9.19,9.15,8.65,8.33,8.5
33870,,,,,,8.92,8.88,9.37,9.08,7.77
81890,,,,,,9.5,9.26,8.84,8.54,9.03
209496,3,42,37,13,4,9.3,8.76,9.51,9.53,9.33
45298,0,59,33,4,4,8.74,8.96,9.13,8.97,9.14
36799,,,,,,9.14,8.96,8.88,8.58,8.91
38097,,,,,,8.91,9.04,8.85,8.97,9.22
16792,0,0,50,50,0,9.21,8.86,9.01,8.83,9.14
10532,,,,,,9.19,8.95,9.07,8.75,8.91
17764,,,,,,9.46,8.69,8.67,8.96,9.28
61848,11,78,11,0,0,9.3,8.82,8.47,8.91,8.36
115534,1,41,32,15,11,9.65,9.12,9,8.93,9.29
42809,,,,,,9.41,8.35,8.33,8.74,8.39
183866,4,40,29,20,7,9.45,8.69,8.89,8.99,9.06
38738,,,,,,9.13,8.94,8.83,9.03,8.76
136315,4,51,29,14,3,9.35,9.02,8.77,8.44,8.23
135806,31,55,4,8,3,9.49,8.67,7.66,8.59,9
10111,0,31,54,15,0,9.07,8.9,9.09,8.98,8.62
37439,0,39,33,17,11,9.22,8.83,8.91,9,8.99
10086,0,28,22,33,17,9.19,8.89,8.77,9.17,9.22
37488,,,,,,9.45,9.02,8.52,8.34,8.6
140731,2,54,27,12,4,9.45,8.91,8.52,8.37,8.15
39568,,,,,,9.13,9.05,8.76,8.64,9.85
44728,,,,,,9.43,8.75,8.57,8.77,8.99
60530,,,,,,9.09,9.14,8.81,8.43,8.13
90589,6,52,25,14,3,9.45,9.23,8.91,8.69,8.95
159408,25,52,8,12,3,9.01,8.1,8.06,8.79,8.31
74565,,,,,,9.37,8.96,8.75,8.9,9.26
10742,,,,,,8.84,8.86,9.25,8.67,9.67
175366,6,51,20,17,6,9.5,8.84,8.68,9,8.85
159516,0,52,29,14,6,9.47,9.08,8.96,8.77,8.97
129046,20,25,20,30,5,9.3,9.03,8.98,8.95,9.11
68934,,,,,,8.84,9.02,8.92,9,8.88
10029,0,69,23,0,8,9.3,8.46,9.01,9.03,9.17
26537,1,29,48,15,7,9.27,9.06,8.6,8.24,9.2
191545,,,,,,9.2,9.08,9.02,8.74,9.28
158180,3,47,25,19,7,8.68,8.52,9,9.11,9.15
117061,15,63,15,5,2,9.39,9.12,9.05,8.64,8.98
109466,0,25,43,32,0,9.01,7.97,9.45,9.21,7
74632,,,,,,9.38,8.94,8.58,8.84,9.28
31307,,,,,,9.02,8.94,9.12,8.77,8.75
39524,,,,,,9.21,8.88,8.78,8.6,8.2
83160,0,0,100,0,0,9.19,8.99,9.11,8.85,8.47
172113,11,57,13,15,4,9.26,8.6,8.95,9.13,9.27
68498,7,50,21,21,0,9.4,8.35,8.39,8.64,8.53
189623,5,57,31,5,3,9.7,9.05,8.9,8.71,8.75
64354,,,,,,9.13,8.88,8.81,9,9.23
70562,0,100,0,0,0,8.5,8.93,9.13,8.98,8.91
31524,,,,,,9.63,8.77,8.83,8.35,9.37
127398,3,51,27,17,2,9.21,9.03,8.82,8.32,8.54
63445,,,,,,8.89,9.07,9.25,8.08,6.92
57278,0,0,100,0,0,9.39,8.42,8.5,9.11,8.72
66091,14,59,9,11,7,8.82,9.03,8.96,8.98,8.91
18878,0,19,46,31,4,9.15,8.91,9.18,8.9,8.64
50598,,,,,,9.34,8.92,8.36,8.74,9.08
51787,2,63,24,8,4,9.48,9.32,8.92,8.47,8.95
17802,,,,,,9.51,8.69,8.88,9.03,7.69
39399,,,,,,9.09,8.88,8.89,9,8.9
173653,1,27,34,29,9,8.45,8.41,8.86,9.14,8.57
10128,0,50,50,0,0,9.48,8.99,8.79,8.58,9.07
11720,2,25,31,23,19,8.73,8.33,8.98,9.37,9.33
17255,,,,,,9.12,8.82,9.1,8.79,9.08
45130,0,40,0,40,20,9.4,8.01,8.56,8.44,7.92
76455,,,,,,9.22,8.37,8.63,8.9,8.71
96968,,,,,,9.23,8.36,8.04,8.99,8.97
142683,1,41,29,15,13,9,9.08,8.2,8.81,9.9
129406,6,54,20,15,5,9.52,9.12,9,8.94,9
91031,0,100,0,0,0,9.47,9.07,8.81,8.76,8.66
62390,,,,,,9.26,8.94,8.62,8.47,8.46
76048,,,,,,9.52,8.8,8.32,8.78,8.57
10033,,,,,,9.28,8.62,9.16,9.12,8.68
178214,0,6,51,41,1,10,8.86,9.41,9.35,9.33
23525,,,,,,8.81,9.08,8.91,8.87,8.92
129072,1,54,30,10,5,8.97,9.2,8.96,8.8,8.91
24157,,,,,,9.07,9.19,8.61,8.29,8.5
37739,,,,,,9.1,8.99,8.69,8.9,8.65
200052,9,19,32,32,9,9.2,8.78,8.35,9.05,9.58
31456,,,,,,9.13,9.1,8.88,8.76,8.17
93236,6,60,29,3,3,9.11,9.17,9.24,8.11,9.1
140803,39,34,4,20,2,8.91,8.08,6.43,7.85,8.42
172425,4,56,23,12,5,8.88,8.98,8.99,8.85,8.47
10330,,,,,,9.44,8.94,8.45,9.22,8.63
163787,1,18,45,32,4,8.8,8.54,8.9,8.63,7.97
10686,,,,,,9.63,8.97,8.99,7.86,9.05
33422,,,,,,9.35,8.75,8.68,9.08,8.89
97652,,,,,,9.6,8.46,8.12,8.75,8.1
44885,,,,,,9.21,8.73,8.64,8.9,8.6
17143,,,,,,8.33,8.91,8.97,8.81,9.32
157178,12,69,12,5,2,9.33,9.05,8.96,9,8.72
36843,9,67,11,9,4,9.26,8.71,8.32,8.91,8.71
27350,3,55,30,9,3,9.26,8.81,8.63,8.81,8.67
27109,,,,,,9.32,9.08,8.13,8.91,8.88
51049,,,,,,8.83,9.02,8.99,8.78,8.95
93094,,,,,,9.89,8.99,8.72,8.71,9.06
162173,2,35,33,23,7,8.59,8.55,8.93,9.08,8.18
113170,3,54,28,10,5,9.46,9.24,9.13,8.72,8.85
38907,,,,,,8.97,9.02,8.55,8.67,9.19
96327,5,57,24,10,3,9.48,9.1,8.83,8.75,9.03
126389,8,48,34,8,3,9.23,9.04,8.91,8.49,8.54
146214,11,50,17,20,2,9.4,8.57,8.01,9.02,8.71
72393,,,,,,8.98,9.04,8.78,8.58,8.37
43678,,,,,,9.33,8.5,7.62,8.93,8.74
17059,3,58,31,6,3,8.96,8.99,8.82,8.63,8.42
76020,5,19,52,23,1,9.52,8.95,8.78,8.77,8.96
18318,,,,,,9.4,8.26,8.43,8.49,8.71
151254,4,64,18,3,11,8.83,9.42,8.48,7.86,7.76
10055,0,50,0,50,0,8.76,8.84,9.26,8.78,9.15
107748,,,,,,9.26,8.4,8.27,9.48,8.95
87571,,,,,,9.18,8.77,8.88,9.04,8.55
37409,,,,,,9.28,8.97,8.85,8.57,7.73
73018,,,,,,9.42,8.15,7.58,8.54,8.05
94194,,,,,,9.19,7.82,7.94,8.18,9.94
146488,1,55,21,13,11,9.69,9.27,8.92,8.75,9.54
127858,4,54,26,16,0,9.55,8.97,8.83,8.96,8.88
177483,4,33,35,21,7,9.51,8.81,8.78,8.9,8.95
40133,,,,,,9.32,8.74,8.27,9.11,8.73
33082,,,,,,8.93,8.89,9.11,8.87,8.67
64080,,,,,,9.14,8.76,8.55,8.9,8.67
162854,1,41,34,10,14,9,9.47,9.18,8.21,8.85
190324,1,44,40,10,4,9.32,8.88,9.04,9.07,9.05
62556,,,,,,9.27,8.93,8.65,8.72,7.91
120125,7,48,24,15,6,9.64,9.21,8.98,8.54,8.61
183377,0,43,33,14,10,9.75,9.17,8.83,9.4,9.08
16906,0,33,33,0,33,9.11,9.02,8.81,8.65,8.98
113315,17,61,13,7,2,9.44,8.35,7.49,8.85,8.43
139523,0,40,34,15,10,9.17,9.15,9.43,9.03,8.95
10640,,,,,,8.89,9,8.78,9.01,8.89
92038,,,,,,9.56,7.51,7.07,7.44,8.62
33930,,,,,,9.22,8.39,8.52,8.66,8.49
31271,,,,,,9.16,8.79,8.75,8.54,9.07
82323,,,,,,9.44,9.19,8.7,8.41,8.41
187321,3,47,32,10,7,9.4,9.21,8.72,8.34,8.62
149777,3,48,25,15,10,9.2,9.15,9.1,9.08,9.06
39405,,,,,,9.3,8.74,8.38,8.5,8
150117,10,54,11,22,3,9.19,9.02,8,6.07,9.1
39633,,,,,,8.92,8.71,8.66,9.19,9.31
146944,1,9,70,19,1,7.6,9.29,9.46,9.51,6.25
143416,10,65,16,6,3,9.51,8.86,8.3,8.65,9.08
37838,,,,,,9.14,8.77,8.85,8.6,8.46
73075,,,,,,9.37,8.59,7.95,8.68,7.33
50785,0,0,50,0,50,8.08,9.17,8.62,8.42,8.78
10250,25,25,25,25,0,9.13,9,8.83,8.95,8.73
45719,,,,,,9.3,8.57,8.2,8.87,8.73
31579,,,,,,9.05,8.97,8.5,8.6,9.17
75401,,,,,,9.28,8.75,8.36,8.78,8.36
19500,,,,,,9.01,8.87,8.79,9.04,8.75
35991,,,,,,9.29,8.86,8.55,8.68,8.72
160491,0,4,64,31,1,9.04,8.47,8.97,8.22,8.82
31911,,,,,,8.86,8.84,8.99,8.96,9.06
29146,,,,,,9.07,8.87,8.91,8.74,8.76
70637,,,,,,9.22,7.73,8.31,8.04,7.14
99714,5,53,28,12,2,9.44,9.19,8.55,8.25,9.52
149504,2,45,26,18,10,8.52,9.13,8.94,8.86,8.27
76627,,,,,,9.27,9.03,8.48,8.47,8.74
41585,,,,,,9.24,8.3,8.51,8.73,8.31
195450,4,36,33,16,11,9.56,9.31,9,8.43,8.26
38546,10,40,10,30,10,8.78,8.96,9.01,8.82,8.59
36957,,,,,,9.22,8.76,8.31,8.52,8.78
14584,,,,,,9.13,8.98,8.24,8.48,7.81
103719,2,52,35,8,3,9.39,9.03,9.02,8.93,8.98
36484,,,,,,9.08,8.7,8.76,9.08,8.9
16516,,,,,,8.99,8.67,8.82,9.1,9.08
38615,,,,,,9.19,7.51,8.17,8.8,8.87
208077,4,44,36,13,3,9.57,9.02,8.6,7.89,7.47
80774,,,,,,8.89,8.85,8.84,9.18,8.9
17800,,,,,,9.1,8.88,8.82,8.71,8.71
87309,0,75,15,6,4,9.01,9.01,8.73,8.65,8.58
11354,,,,,,9.21,9.04,8.06,8.8,9.16
11092,,,,,,8.92,8.88,9.03,8.41,9
43609,,,,,,9.2,8.77,8.3,8.85,8.71
52548,,,,,,9.42,8.62,7.94,8.96,8.09
96054,0,15,55,30,0,6.72,9.08,9.11,9.07,9.16
88495,1,9,64,27,0,9.34,9.23,9.18,8.51,5.27
83268,,,,,,9.47,8.66,8.2,8.59,8.28
75606,,,,,,,,,,
18875,,,,,,8.73,8.93,8.95,8.9,8.42
17773,3,66,24,4,2,9.26,8.9,8.37,8.62,8.4
82239,1,63,27,4,5,9.45,9.16,8.95,8.62,9
31913,,,,,,9.17,8.86,8.62,8.95,8.66
192147,0,20,35,25,20,9.39,8.9,8.71,8.87,9.02
194910,2,51,23,16,7,9.67,8.71,8.77,8.81,8.83
76560,,,,,,8.81,9.47,8.94,8.44,8.4
17967,,,,,,9.32,8.87,8.57,8.8,8.95
11119,,,,,,9.17,8.81,8.89,8.63,9.1
70254,,,,,,9.42,8.86,8.06,8.54,8.61
191917,0,50,33,17,0,9.33,9.33,8.78,8.81,9.03
189259,,,,,,0,9.62,8.66,8.71,9.19
38574,,,,,,9.13,8.84,8.64,8.7,8.37
183836,0,22,33,36,10,8,8.41,8.6,9.06,9.01
43206,,,,,,9.1,8.7,8.55,8.75,7.79
149479,0,60,28,7,5,7.43,8.7,8.98,8.85,8.93
127321,2,37,32,17,11,9.72,9.24,8.64,8.58,8.79
61521,0,100,0,0,0,8.89,9,8.4,8.61,8.58
139674,20,39,15,19,6,9.36,8.25,8.32,9,8.56
149050,2,10,55,32,1,9.15,9.18,8.77,8.33,8.93
142691,13,53,13,13,7,9.51,8.73,8.43,8.78,8.58
98276,3,51,23,10,13,9.07,9.15,9,8.4,8.92
191633,4,18,43,31,3,9.31,8.85,8.79,8.22,9.44
179318,0,25,38,18,19,9.5,8.5,8.98,8.32,8.69
26544,,,,,,9.42,9.04,8.37,7.64,8.43
128212,2,45,30,14,8,8.65,8.72,8.94,8.55,9.34
165722,2,11,58,27,1,9.28,8.52,8.38,9.05,7.75
65769,,,,,,9.2,8.72,8.39,9,8.75
45944,,,,,,9.02,8.87,8.2,8.9,9.11
28214,,,,,,9.06,8.75,8.82,8.73,8.74
48074,,,,,,9.13,8.88,8.55,8.98,8.68
134898,4,57,25,12,2,9.39,8.79,8.29,8.09,8.2
18814,,,,,,9.11,8.86,8.7,8.79,9.09
49007,,,,,,9.2,7.65,8.33,8.48,8.24
72081,,,,,,8.79,8.03,6.92,8,9.48
73477,,,,,,9.38,8.6,7.99,8.62,8.39
138601,4,59,27,5,4,9.48,9.31,8.69,8.23,9.15
75217,,,,,,9.1,7.87,8.69,8.48,8.15
71768,,,,,,9.17,8.9,8.67,8.9,8.84
29044,,,,,,9.02,8.93,8.86,8.27,8.7
36344,,,,,,9.22,8.7,8.74,9.03,8.9
38662,0,73,18,9,0,8.97,8.67,8.95,9.01,8.74
179974,1,28,30,18,23,8.52,8.68,8.86,9.12,8.6
203097,17,48,15,16,4,9.38,8.28,7.96,8.49,8.92
83098,,,,,,9.35,8.38,8.15,8.71,9.62
17946,0,100,0,0,0,9.13,8.95,8.78,8.55,9.21
36651,0,70,0,10,20,8.66,8.97,8.68,8.75,8.69
28795,,,,,,9.43,8.96,8.67,8.11,8.53
154449,5,59,22,11,4,9.26,8.91,8.63,8.59,8.45
147388,5,59,21,10,5,9.32,9.12,8.73,8.82,8.73
61095,,,,,,8.91,8.85,8.84,8.83,8.63
31464,,,,,,9.1,8.75,8.78,8.8,8.82
10800,,,,,,8.88,8.74,8.9,9.15,9.06
17758,,,,,,8.96,8.83,8.76,8.76,8.84
10741,1,44,27,17,11,8.85,8.98,8.75,8.91,8.72
185131,4,41,27,23,4,9.61,8.91,8.36,8.61,7.73
165025,0,4,64,31,1,8.92,7.75,9.03,9,9.25
32593,,,,,,9.22,8.94,8.37,8,8.86
39516,0,67,33,0,0,9,8.78,8.72,9.09,8.95
43153,,,,,,9.2,8.7,8.41,8.79,8.6
197304,0,17,24,22,37,7.98,8.02,7.35,8.69,9.35
94775,,,,,,9.27,8.72,8.34,8.83,8.47
30685,,,,,,9.24,8.58,8.47,8.82,9.08
58538,,,,,,9.4,8.59,8.46,9.14,8.86
190728,0,38,33,18,11,7.7,8.57,9.15,8.8,9.17
66440,0,62,25,12,0,9.11,8.78,8.54,9.07,8.8
29378,,,,,,9.36,8.72,8.38,8.66,9.11
130983,2,51,23,20,4,9.67,9.23,8.54,8.92,9.16
136890,3,59,28,5,5,10,9.12,8.4,6.36,9.67
186613,5,49,23,15,9,9.14,9.02,8.5,7.96,8.73
35626,0,67,24,10,0,9.21,8.7,8.56,8.95,8.62
10253,,,,,,8.81,8.77,9.06,8.45,8.94
10100,7,36,35,20,1,9.35,8.68,8.82,8.72,8.81
197487,0,11,33,22,33,8.2,8.12,8.66,8.96,8.78
132998,6,56,17,17,5,9.56,8.92,8.81,8.8,9.32
39879,,,,,,9.19,8.53,8.39,8.97,8.93
18763,,,,,,8.96,9.12,8.51,8.78,7
132991,2,43,33,14,8,8.45,9.13,9.19,9.15,9.11
18597,,,,,,8.41,8.82,9.09,8.52,8.25
115240,11,67,22,0,0,9.46,9.2,9.03,7.97,8.76
18350,,,,,,8.98,8.77,8.9,8.59,9.4
31607,6,48,33,8,4,8.9,8.93,8.31,9.05,8
19456,,,,,,9.47,8.74,8.81,8.36,8.22
32588,0,51,33,10,6,9.16,8.83,8.55,8.45,8.92
31940,9,63,16,6,6,9,8.75,8.51,8.7,8.64
35071,,,,,,9.01,8.72,8.56,9.02,8.24
96961,,,,,,9.39,8.86,8.57,8.46,8.95
114249,3,64,23,7,3,9.25,8.89,8.44,8.22,8.28
38274,,,,,,9.27,8.91,7.82,7.46,7.33
66144,,,,,,9.05,8.76,8.56,8.81,8.44
31282,,,,,,9.15,8.91,8.4,8.89,8.96
77768,3,55,27,11,3,8.86,8.73,8.93,8.94,8.78
138576,3,49,28,15,6,8.81,9.47,9.15,8.34,9.53
52790,,,,,,9.25,8.95,8.39,8.49,9.44
38882,,,,,,9.16,8.5,8.38,8.73,8.4
181381,1,32,32,23,12,9.1,8.77,8.79,8.84,8.76
130957,2,61,32,4,2,9.1,8.97,8.7,8.49,9.19
119632,4,55,25,11,5,9.03,8.8,8.8,8.65,8.83
99724,5,65,22,6,3,9.28,9.05,8.7,8.67,8.51
91696,,,,,,9.21,8.86,8.53,9.03,9.12
150198,10,55,16,16,3,9.28,8.42,8.05,8.63,8.45
17450,,,,,,9.07,8.9,8.6,8.54,9.22
37245,,,,,,8.84,8.59,8.98,9.12,9.12
193990,0,20,50,10,20,9.39,8.92,7.26,7,8.09
72363,0,25,0,50,25,9.21,8.77,8.08,8.5,8.52
153279,2,8,54,35,1,9.04,8.4,9.42,9.12,9.75
18216,,,,,,9.26,8.7,8.47,8.52,8.14
123433,26,56,8,8,2,9.51,8.51,8.43,8.69,8.31
72631,,,,,,8.63,9.02,9.27,8,8.85
143253,0,10,79,10,1,8.74,8.4,8.84,8.67,7
118950,5,63,19,9,3,9.35,8.92,8.45,9.18,8.57
143456,4,57,27,9,3,9.45,8.9,7.99,8.11,8.74
27260,0,46,46,0,8,9.17,8.79,8.21,8.78,8.82
14397,,,,,,9.07,8.85,8.76,8.6,8.78
186615,2,32,27,24,16,9.17,8.99,8.78,8.64,8.78
134845,0,6,69,24,1,8.14,8.89,9.23,9.19,7.75
165751,0,21,37,32,11,9.31,9.08,8.77,8.58,9
80866,,,,,,9.08,8.58,8.57,8.9,8.21
159845,2,21,30,24,23,9.42,8.69,8.35,8.81,9.32
146508,2,52,23,13,11,7.88,9.04,9.1,8.73,9.15
50932,,,,,,9.11,8.79,8.51,8.77,8.63
39157,,,,,,9.12,8.39,8.57,8.83,8.23
153951,0,4,70,25,1,9.09,8.92,8.94,8.94,10
158610,1,46,30,13,10,9.2,8.71,8.68,8.75,8.87
37853,,,,,,8.99,8.67,8.8,9.14,8.77
51624,,,,,,9.47,8.33,8.54,8.47,8.89
39846,,,,,,9.05,8.53,8.22,8.87,8.53
210808,4,50,37,5,4,9.53,8.87,9.11,8.54,8.18
19541,,,,,,8.89,9,8.49,8.63,8.67
159311,3,66,22,7,2,9.19,8.95,8.64,8.34,8.49
64961,,,,,,9.13,8.89,8.32,8.5,7.29
187324,10,57,24,10,0,9.36,8.79,8.68,8.74,6.83
113348,9,59,16,11,5,9.53,8.96,8.37,8.53,9.02
86197,,,,,,9.15,9.13,8.51,8.43,9.08
142241,4,41,31,17,7,8.8,8.98,8.73,8.87,6.4
119914,11,16,37,33,2,9.34,8.84,8.28,8.79,8.5
100639,1,59,33,4,3,9.45,9,8.87,8.78,9
38420,,,,,,9.08,8.53,8.51,8.83,8.68
36617,,,,,,9.06,8.88,8.68,8.26,8.62
26348,2,48,33,10,8,8.94,8.96,8.86,8.03,8.45
70691,,,,,,9.92,9.02,8.93,8.75,8.21
109910,1,10,65,23,1,8.65,8.62,8.56,8.62,9.16
65735,,,,,,9.11,8.45,8.35,8.73,9.03
74309,,,,,,9.15,8.62,8.22,8.57,8.61
18285,6,50,30,4,11,9.2,8.95,8.67,8.2,8.15
28876,3,46,33,7,10,9.05,8.79,8.56,8.4,8.63
159054,17,34,17,31,2,9.47,8.06,7.25,8.7,8.24
116251,0,0,100,0,0,9.21,8.97,8.72,8.41,9.17
136872,3,51,27,16,3,9.37,8.51,8.03,8.23,8.27
73496,,,,,,8.6,9.24,8.68,6.92,7.72
170496,0,7,53,39,1,9.45,9.17,8.07,7.52,8
60755,,,,,,8.81,9.01,8.44,8.15,9.4
16571,,,,,,9.09,8.77,8.62,8.79,8.84
77154,,,,,,9.01,7.85,8.78,7.88,8.71
159848,2,42,26,12,17,8.24,8.95,8.8,8.63,9.14
179139,2,18,23,27,30,8.43,8.71,8.67,8.52,9.28
189624,3,46,31,11,8,9,9.06,8.62,8.68,8.79
47494,,,,,,9.09,8.49,8.69,8.25,8.32
180374,2,17,44,35,3,7.92,8.4,8.95,8.75,8.55
93089,,,,,,9.24,8.47,8.21,8.99,8.43
36763,,,,,,9.1,8.8,8.55,8.36,8.93
39043,1,68,22,5,4,8.9,8.94,8.52,8.04,7.74
149731,2,40,34,19,5,9.51,9.27,8.41,8.4,8.38
98432,2,67,24,5,3,9.22,8.94,8.58,8.68,8.52
33759,,,,,,8.96,8.75,8.83,8.62,8.83
36732,0,100,0,0,0,8.88,8.8,8.64,8.64,8.54
147896,0,35,35,16,14,2,8.84,8.14,9.03,9.25
44910,,,,,,8.61,8.85,8.91,8.66,8.33
80629,,,,,,8.99,8.75,8.57,8.56,8.79
78681,,,,,,9.24,8.91,8.81,8.19,8.41
40032,,,,,,9.04,8.75,8.8,8.53,7.98
35070,,,,,,8.99,8.91,8.34,8.33,8.97
98280,7,70,15,6,3,9.24,9.19,8.71,8.39,7.89
59032,,,,,,9.14,8.67,8.53,8.36,9.33
34598,,,,,,9.17,8.78,8.13,8,10
37756,,,,,,9.18,8.47,8.32,8.53,9
92176,,,,,,9.19,8.93,8.7,8.64,9.29
37261,,,,,,8.86,8.71,8.64,9.04,8.77
172040,14,64,16,4,2,8.95,8.66,8.97,8.22,8.36
19063,,,,,,9.07,8.49,8.86,8.87,8.66
53781,,,,,,8.98,8.76,8.72,8.89,8.76
48159,14,15,38,31,2,9.31,7.44,8.1,9.02,9.33
96325,,,,,,8.53,8.27,8.3,8.23,9.9
172118,1,6,56,35,2,9.23,7.91,7.41,8.07,8.4
19394,,,,,,9.14,8.72,8.22,8.3,8.71
127901,5,14,48,31,2,9.18,9.15,9.01,9.14,9
194321,,,,,,9.29,8.1,8.62,8.6,8.67
34225,33,67,0,0,0,9.01,8.64,8.86,8.54,7.82
154226,0,6,59,34,1,7.45,7.33,8.32,8.2,7.73
35273,,,,,,8.91,8.6,8.87,8.78,9.03
36950,0,50,33,0,17,8.7,8.86,8.8,8.29,8.66
51407,,,,,,9.13,8.81,8.26,8.39,8.27
115296,1,58,32,7,3,9,9.07,8.72,8.92,9.12
121052,1,6,63,30,1,8.81,8.21,8.97,9.18,9.48
35546,4,46,17,17,17,9.03,8.06,8.44,8.4,8.17
96997,0,100,0,0,0,8.79,8.89,8.97,8.43,8.29
109920,3,50,34,10,4,9.21,9.09,8.9,8.55,8.88
170874,11,48,30,4,7,9.47,8.6,8.73,8.85,8.72
179307,4,55,25,10,5,9.01,9.16,8.27,8.15,8.5
207364,4,43,37,12,4,9.73,9.2,8.65,7.94,8.42
30786,,,,,,9.21,8.53,8.39,8.06,7.8
168298,3,58,26,9,3,9.58,8.82,8.39,8.41,8.16
185423,,,,,,9.16,8.84,8.72,8.89,8.43
181554,0,5,70,24,1,4.83,8.45,8.73,8.91,8.5
38106,50,50,0,0,0,8.92,8.75,8.59,8.84,8.47
137010,1,7,58,33,1,8.63,7.93,9.21,8.66,8.17
33420,,,,,,9.14,8.76,8.22,8.17,8.03
158628,0,26,26,26,22,8.75,8.87,8.46,8.84,9.16
95541,4,39,26,25,6,9.22,8.78,8.56,8.7,8.52
61482,,,,,,9.24,8.55,8.66,8.76,9.33
53372,,,,,,9.03,8.78,8.43,8.59,8.54
11089,0,67,33,0,0,9.23,8.96,8.21,8.79,8.7
155484,0,3,68,28,1,5.69,7.41,8.48,8.39,7.43
112042,0,46,25,13,15,9.83,8.84,8.83,8.84,8.08
148909,2,45,26,15,13,9.43,8.93,8.45,8.04,8.35
31629,,,,,,9.09,8.54,7.88,8.58,9.31
10245,,,,,,8.99,8.75,8.45,8.7,9.07
144945,2,14,62,21,1,9.2,8.63,8.75,8.25,7.57
172768,2,37,27,19,15,9,8.9,8.79,8.69,8.38
25749,,,,,,9.05,8.71,8.8,8.76,8.2
10106,0,25,50,25,0,8.97,8.87,8.94,8.72,8.23
38338,,,,,,9,8.8,8.09,8.38,8.07
132610,1,45,37,10,6,9.16,8.91,8.6,8.64,8.76
39369,23,69,8,0,0,9.07,8.33,8.37,8.91,8.34
97858,7,60,26,6,1,8.68,8.8,8.99,8.44,9.06
126078,0,48,35,11,5,8.33,9.01,8.55,7.74,9.33
162932,3,50,26,14,7,9.63,8.92,8.25,8.61,8.87
154298,0,44,31,12,12,9.34,9.09,8.71,8.33,8.5
87246,,,,,,9.09,5.68,7.51,8.69,6.96
37386,,,,,,9.22,8.39,7.95,8.42,7.23
39750,,,,,,9.46,8.66,8.76,8.53,8.31
39708,,,,,,8.98,8.54,8.73,9.01,8.51
39676,,,,,,9.08,8.12,8.74,7.61,8.93
131576,0,9,65,25,1,9.33,8.05,8.88,9.2,8
23917,0,100,0,0,0,8.66,8.85,8.92,8.4,8.2
118348,5,59,25,8,3,8.4,8.94,8.49,8.77,8.62
31705,,,,,,8.75,8.73,8.79,8.56,9.18
81106,,,,,,9.11,8.91,8.31,7.85,9
123095,8,51,22,18,2,9.35,8.86,8.9,8.08,7
73318,0,0,100,0,0,9.15,8.45,8.61,8.79,8.34
37244,,,,,,8.99,8.78,8.11,8.84,8.33
152265,1,7,58,33,1,9.03,9.16,9.16,7.44,5.5
84856,0,33,50,0,17,9.11,8.99,8.63,8.32,7.49
130376,5,58,25,11,1,7,9.32,7.93,7.77,6.8
77566,,,,,,9.22,8.59,7.95,8.76,8.08
109626,2,60,25,9,4,9.58,9.04,8.73,8.61,8.9
61056,,,,,,9.17,8.51,7.35,8.69,8.21
72058,12,75,0,12,0,9.16,8.88,8.39,8.3,8.54
137956,1,43,31,14,11,8.53,8.77,8.61,8.63,8.64
28792,,,,,,8.93,8.79,8.77,8.6,8.61
31904,,,,,,9.29,8.68,8.63,8.55,9.25
10962,0,37,53,11,0,8.6,8.71,8.75,8.95,8.44
19505,,,,,,9.14,8.83,8.61,8,9.06
64170,,,,,,9,8.84,8.55,8.41,9.19
39150,,,,,,9.15,7.67,8.45,8.31,8.71
52794,,,,,,9.12,8.72,8.63,8.26,8.17
32126,,,,,,9.27,8.87,8.49,8.21,7.81
125459,5,61,21,11,2,9.19,8.45,8.33,8.22,8.2
52757,,,,,,9.36,8.88,8.05,8.34,8.77
174805,0,5,65,28,2,8.46,8.59,8.18,8.06,6.71
87663,0,79,21,0,0,8.36,8.88,8.89,8.56,8.77
42867,,,,,,9.38,7.88,7.88,8.43,8
167049,2,26,42,17,13,7.25,8.68,9.13,8.17,7.92
23849,,,,,,9.27,8.52,8.94,8.43,8.5
125438,1,9,42,48,0,8.56,9.36,8.44,8.32,7.67
18003,0,29,29,19,23,8.53,8.25,8.79,9.16,9.12
34447,,,,,,8.99,9.02,8.47,8.1,7.77
145292,6,72,13,6,3,9.34,8.84,8.31,8.29,8.79
106540,6,60,22,8,4,9.41,8.92,8.35,8.49,8.63
24602,,,,,,9.07,8.52,8.55,8.96,9.12
88226,,,,,,9.15,8.91,8.61,8.65,8.92
60484,,,,,,8.98,8.48,8.47,8.77,8.55
73411,,,,,,9.17,8.44,8.04,8.62,7.57
17787,,,,,,9.02,8.73,8.5,8.63,9.1
31814,,,,,,9.17,8.69,8.72,7.92,7.92
164684,1,28,38,16,17,10,8.96,8.93,8.7,8.75
109984,1,63,20,9,7,9.37,9,8.76,8.46,8.63
10132,,,,,,9.14,8.63,8.51,9.06,8.88
202901,11,33,22,22,11,8.92,9.28,7.81,7.04,7.92
75415,,,,,,9.3,9.13,8.05,7.56,9.17
71546,,,,,,8.5,8.81,8.78,8.75,8.33
25641,,,,,,9.5,8.7,8.53,8.52,8.88
92312,0,100,0,0,0,9.75,8.89,8.93,8.51,7.67
39804,,,,,,8.98,8.64,8.29,8.85,8.39
54411,,,,,,9.2,8.26,7.69,8.59,7.94
52747,,,,,,9.07,8.72,8.72,8.6,8.37
10793,,,,,,9.16,8.77,8.59,8.85,8.21
74003,,,,,,9.47,8.75,8.44,8.57,7.84
185450,5,56,24,11,4,8.04,8.95,8.48,8.87,8
62789,,,,,,8.9,8.79,8.54,8.15,8.5
48742,,,,,,8.98,8.61,8.38,8.49,7.86
136873,4,32,35,25,4,9.32,8.73,8.14,7.97,7.84
64126,,,,,,8.89,8.76,8.45,8.65,8.59
91703,,,,,,7.33,6.45,7.68,6.75,9.44
33513,,,,,,8.88,8.66,8.7,7.82,8.77
16211,,,,,,8.83,8.85,8.7,8.16,8.04
101904,1,10,62,27,1,8.47,8.69,8.31,8.66,7.65
78240,0,67,0,33,0,8.63,8.9,8.57,8.75,8.24
19479,,,,,,8.82,8.56,8.96,8.87,8.35
163798,6,45,27,15,6,9.37,9.09,8.72,8.31,7.68
66728,1,36,29,27,7,8.67,8.03,8.82,9.15,8.96
114276,3,11,60,26,1,9.55,8.94,8.41,8.42,8.29
193800,0,33,37,4,26,9.7,8.68,8.92,8.34,8.69
10519,,,,,,8.92,9.07,8.24,8.93,7.88
50583,,,,,,9.14,8.58,8.74,9.06,8.71
123420,14,22,31,31,2,9.22,7.76,8.41,9.05,8.62
149236,2,64,26,6,2,9.21,8.66,8.03,7.25,7.32
29558,,,,,,8.94,8.87,8.34,7.85,8.94
62249,,,,,,9.09,8.6,8.2,8.71,8.49
25676,,,,,,9.17,8.46,8.21,8.64,8.58
88474,,,,,,8.97,8.35,7.56,7.8,9.32
132626,2,18,49,30,1,8.67,8.36,8.38,8.3,8.35
113635,,,,,,9.18,8.74,8.83,8.65,9.1
167053,0,60,32,0,8,9.3,8.37,8.2,9.43,8.79
18489,0,100,0,0,0,9.15,8.51,8.85,9.09,8.07
19059,,,,,,9.17,8.67,8.73,7.74,8.25
37487,,,,,,9.11,8.69,8.53,8.57,8.38
44981,,,,,,9.51,8.84,8.21,8.44,8.65
18153,,,,,,9.04,8.52,8.73,8.4,8.28
67374,,,,,,9.2,8.7,8.17,8.36,8.39
124225,7,67,19,4,3,9.1,8.72,8.3,8.06,8.7
74315,,,,,,9.04,8.65,8.51,8.61,8.04
137281,3,11,56,28,1,8.97,8.24,8.65,8.62,8.5
41350,,,,,,8.89,8.6,8.45,8.59,8.78
100938,,,,,,7.49,8.84,8.65,8.49,9.52
49302,0,100,0,0,0,8.63,8.84,8.39,8.12,8.93
39576,,,,,,8.28,8.59,9.14,9.19,8.72
135342,26,49,8,13,4,9.13,8.27,7.38,8.63,8.39
134887,7,52,24,8,8,9.26,9,8.68,8.41,8.62
93774,,,,,,9,8.86,8.94,7.55,8.81
33682,,,,,,8.99,8.64,7.93,8.37,8.4
34514,,,,,,8.82,8.64,8.56,8.64,9.35
50869,,,,,,8.93,8.74,8.51,8.1,7.89
17173,0,32,63,5,0,9.34,8.69,8.46,8.69,8.8
19302,,,,,,8.86,8.69,8.75,8.28,8.04
142634,,,,,,9.21,8.69,8.63,8.81,9
39818,,,,,,8.93,8.56,8.58,8.74,8.42
129094,4,26,41,28,1,8.85,8.16,7.65,8.35,7.69
38898,,,,,,9.1,8.43,7.52,8.67,8.48
11722,,,,,,8.34,8.66,8.88,8.74,8.15
59344,,,,,,8.94,8.59,8.59,8.82,8.79
17458,,,,,,9.2,8.52,8.63,8.73,8.92
171533,1,35,31,17,15,9.56,9.29,7.84,8.08,8.58
122527,4,59,23,12,2,9.05,8.5,8.04,7.65,8.04
31565,0,50,50,0,0,8.79,8.78,8.42,8.57,8.69
151674,2,29,32,26,11,9.95,8.23,8.42,8.73,8.37
88426,17,50,33,0,0,8.88,8.53,8.71,8.78,8.36
151747,0,25,38,25,12,9.65,9.04,8.33,8.62,8.64
40678,,,,,,9.03,8.71,8.06,8.66,8.56
51282,,,,,,9.1,8.67,8.18,8.91,8.73
161374,0,5,75,18,1,10,10,7.56,7,0
107928,6,53,22,14,5,9.02,8.82,8.65,8.59,9.24
86818,,,,,,9.46,8.8,8.22,8.04,8.67
152183,1,27,37,27,8,8.28,7.95,8.38,8.87,7.69
17150,,,,,,8.87,8.65,8.64,8.47,8.22
39473,,,,,,8.97,8.6,8.42,8.89,8.38
192614,2,41,39,14,5,8.53,8.43,8.78,8.84,8.59
88783,,,,,,9.16,7.74,8.77,8.07,9.6
167613,3,52,32,9,4,8.75,8.71,8.69,8.13,8.08
17062,0,50,50,0,0,8.8,8.62,8.67,8.7,8.76
63379,,,,,,9.26,8.75,7.73,9.07,8.5
66795,0,50,0,0,50,9.17,8.82,8.3,8.08,8.67
90388,,,,,,8.97,7.88,8.63,8.16,7.93
37758,,,,,,9.06,8.24,8.29,8.64,8.27
164719,3,56,33,5,2,8.82,8.75,8.64,8.27,7.94
52425,,,,,,9.21,8.85,8.57,7.96,8.27
47638,,,,,,9.18,8.51,7.81,8.71,8.72
48310,,,,,,8.91,8.76,8.4,8.12,8.74
38083,,,,,,8.69,8.75,8.65,8.33,8.6
182360,5,44,22,23,7,9.34,8.49,8.1,8.24,7.99
65677,,,,,,9.05,8.18,7.24,8.51,8.79
88253,,,,,,9.15,8.17,7.85,8.86,9.04
70393,,,,,,9.15,8.9,7.77,8.06,9.21
141824,6,42,23,25,4,9.17,8.51,8.28,8.6,8.98
114265,3,25,46,24,2,9.51,9.09,8.9,8.91,9.6
75006,2,54,32,10,2,8.7,8.64,8.85,8.52,8.42
193328,2,27,26,23,22,8.74,8.35,8.61,8.77,8.61
65842,,,,,,8.79,8.15,9.28,8.08,6.93
69270,,,,,,9.08,8.69,8.59,8.17,8.4
43516,10,40,50,0,0,9.22,8.47,8.07,8.7,8.72
103545,0,57,29,14,0,9.5,8.33,8.89,8.79,8.38
54565,,,,,,9.15,8.79,8.19,8.35,7.94
41595,,,,,,8.63,8.49,8.88,9.12,8.38
69951,0,50,25,25,0,9.19,7.9,7.9,8.73,8.17
40112,,,,,,9.11,7.52,8.49,8.19,9.33
189373,0,48,38,5,10,7.93,9.06,8.22,7.75,7.81
51579,,,,,,8.76,8.52,8.74,8.88,9
35175,,,,,,9.18,8.68,8.33,8.4,8.55
102216,1,46,39,10,4,8.92,8.98,8.98,8.57,8.72
171465,2,44,22,17,14,8.74,8.7,8.71,8.58,8.85
82540,,,,,,8.94,8.71,8.54,8.57,8.68
31867,0,100,0,0,0,8.84,8.86,8.32,7.87,8.67
61865,,,,,,9.13,8.76,8.05,8,9.16
45253,,,,,,9.18,7.98,7.71,8.8,8.75
69024,0,100,0,0,0,9.12,8.67,8.67,8.59,8.64
39841,,,,,,9.17,8.21,7.83,8.67,5.76
37742,5,48,38,10,0,8.99,8.37,8.33,8.71,8.68
12954,,,,,,8.73,8.65,8.43,8.85,8.43
98728,,,,,,8.83,9.01,8.72,8.51,8.11
38378,,,,,,8.48,8.79,8.79,8.12,8.23
162471,0,15,46,33,6,6.9,7.26,8.61,9.06,7.71
184520,,,,,,8.98,8.53,8.29,8.6,8.76
43502,,,,,,9.16,8.58,7.99,8.45,8.52
30889,,,,,,8.7,8.59,8.42,9.14,8.52
31323,0,100,0,0,0,8.56,8.52,8.76,8.94,9.31
17498,,,,,,9.11,8.38,8.71,8.79,8.4
79439,,,,,,9.26,8.72,8.23,8.35,7.88
100924,3,40,31,20,6,9.6,8.46,8.31,8.57,9.51
65290,,,,,,8.41,8.67,8.87,8.58,8.63
11290,0,60,40,0,0,9.03,8.54,8.69,8.77,8.48
50218,,,,,,9.34,8.57,8.08,8.09,8.75
149012,1,40,31,11,17,9.92,8.11,8.49,8.91,9.15
50176,,,,,,8.9,8.59,8.57,8.4,8.28
97692,3,23,45,27,2,8.81,8.41,8.09,7.8,7.75
51158,,,,,,8.91,8.9,8.35,8.18,8.71
50749,0,40,29,18,13,9.23,8.6,8.66,8.4,8.21
61701,,,,,,9.06,8.54,8.41,8.08,7.52
38908,4,49,26,18,3,8.77,8.45,8.67,8.8,8.52
144330,0,37,40,10,13,9.11,8.41,8.05,8.1,8.05
35900,,,,,,8.51,8.74,8.83,7.9,8.39
38197,,,,,,8.95,8.43,8.46,8.76,8.27
94506,,,,,,8.74,8,7.52,9.22,9
152632,3,23,36,36,3,8.55,8.52,8.39,8.25,7.52
156477,5,15,52,28,1,8.67,8.48,8.38,8.02,8.64
101242,0,0,100,0,0,8.13,8.74,9.21,8.38,8.68
101248,1,52,32,12,2,9.13,8.6,8.78,8.62,9.03
66143,,,,,,9.26,7.67,7.17,8.71,7.54
139701,0,54,30,13,4,9.23,9.09,8.66,8.26,8.11
61273,17,67,17,0,0,9.2,8.53,8.21,8.54,8.49
159645,0,33,67,0,0,9.44,8.65,8.71,8.62,7.97
134963,4,57,24,11,5,8.45,8.36,8.38,8.26,7.88
18046,,,,,,8.46,8.54,8.68,8.84,7.5
11151,2,70,23,4,1,9.17,8.49,8.71,8.29,8.72
71901,,,,,,9.29,5.94,5.22,8.22,7.59
92116,,,,,,8.76,8.76,8.57,8.4,9.02
101962,3,62,24,8,4,9.13,8.83,8.38,7.99,8.23
39377,,,,,,9.14,8.98,7.94,8,7.67
11810,,,,,,8.81,8.58,8.72,8.51,9.23
123268,4,58,23,12,4,9.32,9.15,8.38,7.08,7.4
118922,21,40,18,16,5,9.28,8.44,8.17,8.22,8.51
37073,,,,,,9.17,8.03,8.06,8.05,8.3
10065,,,,,,8.09,8.66,9.19,8.48,9.22
167638,4,52,24,14,6,8.09,8.47,8.39,7.94,8.02
62699,,,,,,8.82,8.58,8.62,8.36,7.2
11093,,,,,,8.79,8.66,8.75,8.35,8.75
72362,,,,,,9.15,9.1,8.69,7.95,7.1
51689,,,,,,8.7,8.68,8.3,8.54,9.22
66437,,,,,,9.13,8.73,7.75,7.38,7.42
18487,,,,,,6.85,8.03,8.91,9.1,8.46
31267,,,,,,8.89,8.34,8.41,8.73,8.91
118370,11,63,17,7,2,9.19,8.62,8.63,8.75,8.81
92412,,,,,,9.05,7.16,8.34,8.21,8.75
163386,4,68,19,8,1,8.92,8.63,8.44,8.77,9.02
63879,,,,,,8.56,8.76,8.41,8.45,7.93
146548,1,37,38,16,7,8.32,8.82,8.69,8.15,9.06
92064,4,59,24,11,3,9.2,8.65,8.46,8.41,8.27
133447,0,7,65,26,1,9.24,8.99,8.55,8.46,9.85
128265,0,33,42,21,3,9.25,8.45,8.69,8.78,8.76
44997,,,,,,8.51,8.74,8.64,8.5,8.24
38551,,,,,,9,8.55,8.54,8.04,8.33
111527,1,47,42,6,5,8,9.32,8.55,8.67,8.67
66598,,,,,,9.07,8.71,8.29,8.38,8.78
54435,,,,,,8.98,8.11,8.1,8.55,8.5
31066,,,,,,8.92,8.71,8.26,8.46,7.55
125447,1,40,30,16,12,8.65,8.68,8.04,8.36,8.49
27255,5,50,23,9,14,8.92,8.38,8.87,8.57,8.5
52429,,,,,,8.54,8.52,8.61,8.66,9
31708,,,,,,9.06,8.59,8.44,8.82,7.11
169643,1,4,56,36,2,7.95,7.85,8.05,7.88,8.44
127396,0,55,27,18,0,8.93,8.79,8.69,8.44,7.82
90901,4,54,25,10,6,9.07,8.88,8.47,8.32,8.84
125401,3,52,26,15,3,9.66,8.64,8.44,8.82,7.42
99355,,,,,,9.21,8.72,8.75,8.02,9.39
154288,7,45,18,14,16,8.77,8.97,8.64,8.13,8.29
25578,,,,,,8.76,8.5,8.54,8.4,9
31893,,,,,,7.77,8.64,8.86,8.47,9.12
58434,,,,,,8.96,8.67,8.31,8.43,7.55
47359,,,,,,9.16,8.32,7.58,8.86,8.86
122596,1,9,63,26,1,8.84,8.17,8.27,8.27,9.23
98484,4,60,20,12,4,9.13,8.63,8.91,8.17,9.16
56058,,,,,,8.89,8.49,8.41,8.39,8.63
34449,,,,,,8.88,8.44,8.13,8.07,8.81
174301,2,50,36,10,3,7.98,8.36,8.43,8.06,7.59
64242,0,0,50,50,0,9.01,8.38,8.07,8.5,7.93
85606,12,53,24,6,6,8.83,8.67,8.48,8.62,8.9
61450,0,42,42,14,2,8.49,8.67,8.67,8.2,8.43
61101,0,60,10,30,0,8.15,8.65,8.58,8.49,8.51
82283,0,25,50,25,0,8.96,8.7,8.68,8.63,8.87
205623,0,33,42,17,7,9.4,8.56,8.05,7.96,8.59
46153,,,,,,8.55,8.6,8.52,8.33,9.56
197520,0,48,29,17,7,8.9,8.51,8.56,8.76,8.38
43370,,,,,,8.51,8.75,8.48,8.05,8.28
144355,0,6,66,28,0,7.5,7.56,8.1,7.62,0
47407,,,,,,9.1,8.55,8.16,9.08,8.98
168017,4,60,23,10,4,8.63,8.52,8.13,8.28,7.72
89606,,,,,,8.94,8.67,8.44,8.11,8.1
141259,9,57,20,10,3,9.22,8.62,8.34,8.77,8.33
56447,,,,,,8.56,8.68,8.51,8.38,8.04
91045,,,,,,9.29,8.31,7.73,8.64,8.07
11671,,,,,,8.31,8.69,8.38,8.71,8.82
13314,0,40,20,20,20,7.57,8.6,8.72,8.74,9.11
109642,2,61,29,8,0,7.87,8.51,8.79,8.67,8.7
83865,,,,,,8.38,8.38,7.97,9.2,9.12
94766,4,64,23,5,4,9.58,8.91,8.7,8.09,7.52
36506,,,,,,9.21,8.27,7.37,7.82,8.74
17230,,,,,,8.78,8.87,8.43,7.97,7.71
65991,,,,,,9.15,8.13,7.79,8.35,7.78
57794,,,,,,8.79,8.53,8.46,8.2,7.95
73096,,,,,,9.08,7.48,7.53,8.47,7.45
44044,,,,,,9.07,7.59,7.68,8.71,8.35
134980,3,24,48,25,1,8.45,7.95,8.3,8.2,8.89
118966,0,4,61,33,1,9.35,8.48,8.27,7.51,8
41635,0,40,40,20,0,9.01,8.79,8.24,7.81,7.53
19501,,,,,,9.39,8.53,8.84,8.32,8.15
32478,,,,,,9.14,8.46,8.47,7.96,8.54
10758,,,,,,9.27,8.53,8.26,8.63,7.67
24831,,,,,,8.87,8.49,8.58,8.54,8.38
39619,,,,,,9,8.48,8.97,7.87,8.35
122581,3,10,61,25,1,9.47,8.71,8.52,8.17,10
66317,,,,,,8.91,8.79,8.07,8.06,8.23
114248,3,16,51,28,2,8.55,8.62,8.78,8.65,7.57
142730,2,54,33,8,3,8.88,8.8,8.38,8.12,8.12
150632,5,59,26,7,3,9.28,8.78,8.23,7.63,8.79
43114,,,,,,8.67,8.51,8.97,7.23,8.5
130984,1,6,58,33,2,7.99,6.71,8.04,8.53,9.2
38455,,,,,,9.18,8.42,7.86,9.13,9.6
23848,,,,,,9.38,8.51,8.47,8.35,8.83
97857,6,55,26,11,2,8.98,8.51,8.62,8.45,8.36
156091,0,53,33,9,4,9.13,8.61,8.1,8.47,8.47
18015,,,,,,9.3,7.99,8.11,8.54,8.44
32240,,,,,,9.14,8.41,8.56,8.76,8.78
93757,,,,,,9.01,9.01,8.39,8.55,8.16
18429,,,,,,8.91,8.34,8.45,8.96,8.89
156675,0,5,69,26,1,8.92,9.47,8.98,8.76,9.77
81891,,,,,,9.34,8.03,7.33,8.29,9.19
189046,0,5,63,30,2,8.89,8.26,8.03,8.2,7.25
131637,0,60,37,4,0,9,8.73,8.71,8.43,8.3
149505,0,8,77,15,1,10,10,8.62,9.11,5.5
65902,,,,,,9.09,8.2,8.63,8.72,8.37
84034,,,,,,9.12,8.33,8.13,8.41,7
18572,,,,,,8.99,8.47,8.23,8.79,7.96
87311,,,,,,8.89,8.7,8.54,8.28,8.5
186348,11,66,18,5,0,9.07,8.69,8.14,7.94,8.29
47408,,,,,,9.19,8.69,8.62,8.09,7.9
136842,1,57,25,11,6,9.15,8.74,8.79,8.81,8.83
154980,4,77,14,3,2,9.24,8.55,8,7.93,8
68501,,,,,,8.85,8.5,8.35,8.49,9
129282,0,29,22,29,21,9.68,8.54,8.67,8.51,8.28
17692,,,,,,9.02,8.4,8.74,7.7,8.75
122602,0,50,43,0,7,9.33,8.93,8.5,8.41,8.81
132946,1,43,33,20,3,7.85,8.49,8.87,8.81,8.2
191560,,,,,,8.95,8.43,8.45,8.75,8.56
34519,,,,,,8.62,8.69,8.13,8.2,7.54
78851,,,,,,9.25,8.08,7.16,8.21,8.03
29712,,,,,,8.22,8.38,8.85,8.69,8.42
126961,0,38,52,10,0,7.17,8.67,8.71,8.44,9.03
151744,2,56,21,14,7,8.16,8.17,8.71,8.71,8.57
114293,2,43,33,16,6,9.35,8.93,8.18,8.06,9.45
65893,,,,,,9.35,7.66,7.35,8.19,7.12
17058,0,76,7,12,5,8.94,8.69,8.73,7.49,7.31
96911,,,,,,9.06,8.64,8.29,8.46,8.42
70118,,,,,,8.51,7.04,9.49,8.26,9.62
67366,,,,,,9.04,7.86,7.51,8.4,7.93
136898,2,55,27,13,3,8.69,8.3,8.61,8.57,8.04
123298,2,51,35,9,3,8.79,8.51,8.59,8.73,8.86
143379,0,45,40,10,5,8.83,8.63,8.7,8.4,8.19
81967,9,65,9,9,7,9.05,8.75,8.62,8.26,8.59
187526,1,31,33,22,12,8.82,8.63,8.47,8.61,8.68
149757,0,38,31,20,12,9.03,8.63,8.5,8.48,8.69
68217,,,,,,9.32,8.39,7.21,8.66,8.09
103797,1,57,35,6,1,8.5,8.72,8.49,8.18,6.95
99740,7,46,24,20,4,9.04,8.53,8.11,8.13,9.63
34969,,,,,,8.83,8.33,8.67,8.63,8.82
18563,,,,,,8.93,8.62,8.39,8.51,8.75
158611,3,60,25,8,4,9.09,8.75,8.29,7.84,8.03
101950,3,65,25,6,2,8.8,8.59,8.35,8.17,8.06
48690,,,,,,8.83,8.62,8.16,8.38,8.58
17025,,,,,,8.78,8.51,8.22,8.45,8.88
112082,,,,,,9.22,8.85,8.45,8.02,8.21
25670,1,61,35,1,1,9.02,8.43,9.01,8.07,7.73
74610,6,68,19,5,2,8.81,8.62,8.31,8.4,8.49
33048,,,,,,8.8,8.52,8.24,8.65,8.65
38547,,,,,,8.37,8.66,8.82,8.18,7
37938,,,,,,8.7,8.51,8.54,8.87,8.48
18933,11,70,16,1,1,9.23,8.6,8.03,8.39,7.74
47088,,,,,,8.76,8.83,8.32,7.87,8.16
17744,,,,,,8.53,8.66,8.47,8.39,8
97629,2,22,53,22,1,8.8,8.54,7.87,7.63,7.94
75724,,,,,,8.73,8.36,8.49,9.06,9.1
191914,3,40,37,12,8,6.89,8.85,8.63,8.44,8.67
140895,34,45,8,10,3,8.61,6.97,6.62,7.46,7.34
63483,,,,,,8.91,8.42,8.44,8.37,8.62
149512,4,57,21,13,6,8.8,8.45,8.25,8.21,8.34
92047,,,,,,8.66,7.91,8.57,9.25,9.41
39479,,,,,,9.2,8.02,7.71,8.98,8.19
137971,2,56,24,11,8,8.98,8.62,8.66,8.36,8.59
66034,0,62,25,12,0,9.12,8.66,8.1,8.26,8.11
136686,5,49,20,19,7,9.29,8.38,8.14,8.41,8.85
37686,,,,,,8.57,8.58,8.29,8.59,9.06
167651,2,38,30,21,8,8.81,8.34,8.08,7.88,7.6
49957,,,,,,8.66,8.51,8.54,8.03,8.6
72443,,,,,,8.66,8.43,8.59,8.59,8.22
137915,5,62,18,10,4,9.19,8.13,8.07,8.61,8.49
82142,,,,,,9.08,8.16,7.75,8.43,8.17
49380,0,60,20,20,0,8.9,8.4,8.58,8.11,9.17
62742,,,,,,9.1,8.12,7.25,8.86,7.53
35733,,,,,,8.68,8.52,8.47,8.41,8.33
104331,0,57,14,29,0,8.55,8.65,8.68,8.57,8.36
109957,0,0,0,100,0,9.08,8.79,8.48,8.29,8.24
33062,0,100,0,0,0,8.65,8.32,8.73,8.56,8.27
92505,0,88,12,0,0,8.53,8.59,8.39,8.6,8.84
99799,,,,,,9.11,8.97,8.56,8.49,7.5
97816,5,50,25,16,3,9,8.49,8.19,8.28,8.39
40208,,,,,,8.73,8.53,8.07,8.79,8.26
18730,,,,,,9.28,8.4,7.9,8.3,8.37
134134,6,52,27,13,2,9.19,8.35,8.28,8.67,8.43
72406,,,,,,8.94,8.55,8.11,8.43,8.65
130943,2,75,14,7,2,8.95,8.54,8.49,8.91,9.14
36853,,,,,,8.84,8.39,8.24,8.35,8.65
161967,3,42,30,18,8,9.14,8.64,8.25,7.92,7.61
179430,16,68,12,4,0,9.09,8.42,8.39,8.57,8.17
118367,6,45,19,24,5,9.21,8.8,8.33,8.73,8.69
53902,,,,,,8.75,8.56,8.34,8.06,8.66
103241,7,12,60,17,4,8.92,8.41,8.76,8.63,8.62
74566,5,53,29,12,1,9.03,8.56,8.17,8.09,8.44
76103,,,,,,9,8.63,8.19,8.4,8.5
72524,0,0,100,0,0,9.53,8.75,8.37,7.92,8.26
120759,3,40,31,17,8,9.22,8.85,8.77,8.54,9.2
62799,,,,,,9.06,7.9,8.34,7.57,9.18
97747,,,,,,9.12,8.59,8.55,8.8,8.84
154293,0,40,32,22,7,9.2,8.59,8.43,8.31,8.94
136868,2,34,29,30,6,9.15,8.81,8.53,8.35,8.2
133424,1,52,33,9,6,9.53,8.74,8.4,8.41,8.91
62167,,,,,,9.07,7.95,7.45,8.43,8.3
164102,9,55,21,9,6,8.01,8.54,8.42,8.06,8.3
51690,6,60,23,10,0,8.86,8.57,8.26,8.27,8.69
19078,,,,,,9.43,8.13,8.46,7.85,8.67
110125,20,55,20,5,0,9.12,8.33,7.91,8.21,8
196215,1,40,26,13,21,7.61,8.26,8.52,8.48,8.66
68035,,,,,,8.57,8.63,8.34,8.15,8.09
153964,21,56,9,11,3,8.62,8.15,8.51,8.78,8.36
70992,,,,,,8.62,8.41,8.6,8.48,8.62
10453,11,56,33,0,0,9.12,8.27,8.7,8.51,8.69
85351,,,,,,9.11,8.75,8.59,7.9,8.03
44022,,,,,,8.82,8.49,8.27,8.19,8.02
19529,,,,,,8.7,8.42,8.69,8.24,7.91
38318,2,61,25,10,2,8.74,8.49,8.24,7.96,8
81028,0,0,100,0,0,9.25,8.76,8.71,6.92,9
78790,,,,,,9.02,8.64,8.11,8.46,8.18
62175,,,,,,8.38,8.57,8.33,8.14,8.97
19334,,,,,,8.78,8.3,8.83,8.63,8.4
30343,,,,,,8.88,8.5,8.42,8.45,8.09
47587,,,,,,9.03,8.61,7.84,8.47,8.11
118395,1,34,36,18,10,8.93,8.66,8.26,8.46,8.48
22012,,,,,,8.8,8.61,8.02,8.54,8.55
10546,4,58,29,5,4,8.54,8.43,8.33,8.15,8.87
124238,7,48,31,5,10,9.14,8.73,8.46,8.12,8.42
37049,,,,,,8.74,8.42,8.01,8.42,8.25
37355,,,,,,8.36,8.26,8.72,8.71,8.64
100076,17,52,24,3,4,9.66,8.43,7.34,8.3,7.79
112666,0,75,25,0,0,8.34,8.81,8.53,8.16,7.27
152396,1,8,63,28,1,8.41,8.77,7.84,7.84,8.18
76014,0,67,22,11,0,9,8.33,8.53,8.08,8.19
39368,0,0,100,0,0,8.53,8.92,7.56,6.88,8.29
136821,4,45,28,18,4,8.94,8.44,8.4,8.79,8.73
121047,1,10,77,12,0,8.62,8.29,8.41,5.8,6
114139,,,,,,9,8.5,8.51,7.78,8.28
95203,7,68,20,6,0,8.61,8.52,8.48,8.3,7.93
154029,1,43,36,12,9,8.54,8.25,8.47,8.68,9.04
180382,2,26,37,27,7,9.23,8.8,8.54,8.28,7.21
189028,6,50,25,6,12,9.45,8.89,8.45,7.65,8.75
184318,5,44,35,13,3,9.05,8.63,8,7.64,7.77
35388,5,45,35,8,6,8.85,8.52,8.32,7.83,8.42
158623,50,0,50,0,0,8.46,8.75,8.7,7.75,8.83
167599,0,3,54,41,2,8.69,8.1,7.39,7.69,9
143435,3,54,29,11,3,8.89,8.3,7.78,7.54,7.44
46874,,,,,,8.94,7.43,7.18,8.27,7.09
165514,0,8,77,15,1,7.6,9.36,6.71,3.67,1
132627,2,16,48,32,2,8.73,8.34,8.04,8.07,6.88
167658,3,42,32,11,12,9.2,8.32,8.47,8.2,8.78
168779,,,,,,9.31,8.3,8.89,8.39,8.81
50278,,,,,,7.53,8.44,8.78,8.83,8.88
36337,3,38,44,8,8,8.87,8.08,8.05,8.87,8.46
76580,,,,,,8.83,8.34,8.48,8.27,8.42
140695,4,54,23,15,4,8.81,8.39,7.87,7.63,8.02
84349,,,,,,8.81,8.56,8.58,8.41,8.58
129383,7,58,18,14,3,9.08,8.24,7.9,8.48,8.4
181711,16,60,17,7,0,8.14,7.54,8.2,8.62,7.67
144578,7,79,12,2,1,9.4,8.78,7.6,6.83,9.36
25633,,,,,,9.3,8.67,8.19,8.34,7.54
190320,2,35,42,13,7,9.22,8.38,8.58,8.49,8.22
38789,,,,,,9.11,8.45,8.27,6.65,7.14
32026,,,,,,8.7,8.39,8.08,8.71,8.35
126386,1,7,68,23,1,7.43,8.73,8.75,8.75,9.11
56362,,,,,,8.89,8.35,8.19,8.81,8.88
10107,0,0,0,0,100,8.45,7.85,8.79,8.38,8.82
10501,0,56,31,6,6,8.75,8.24,8.16,8.88,8.65
124201,6,53,22,15,4,9.28,8.55,8.02,8.15,8.45
190720,0,40,39,8,13,7.2,8.5,8.55,8.49,7.7
46528,,,,,,9.36,8.68,7.59,7.5,8.81
28465,,,,,,8.22,8.35,9.19,8.12,8.03
93756,7,43,25,19,5,8.72,8.21,7.65,8.03,7.88
39769,,,,,,8.72,8.29,8.07,8.39,8.36
146526,3,29,30,33,5,8.76,8,8.32,8.39,6.73
137952,3,50,24,16,6,8.89,8.37,8.08,8.1,7.91
122489,2,37,39,21,2,8.83,8.19,8.16,8.36,8.6
167054,0,14,31,18,37,9.67,8.75,8.05,7.83,8.44
104478,8,49,20,12,12,9.18,8.58,8.48,8.56,8.49
44449,,,,,,9.01,8.03,7.31,8.28,6.71
17724,,,,,,9.39,8.14,8.15,8.51,8.65
129333,4,55,23,11,9,8.21,8.63,8.48,8.32,7.88
88461,,,,,,8.83,8.65,8.05,8.04,8.37
49783,,,,,,8.71,8.58,8.11,8.29,7.7
99094,2,15,55,27,1,9.02,8.63,8.32,8.15,8.04
144984,0,37,35,15,13,8.92,8.94,8.18,7.61,9.89
163832,0,38,38,14,10,8.62,8.44,8.79,8.51,8.83
94503,,,,,,8.79,8.44,8.51,8.3,9.46
68945,0,67,17,17,0,8.25,8.44,8.02,8.14,9.28
196389,,,,,,9.45,8.65,7.55,8.13,7.95
32900,,,,,,8.72,8.33,7.38,8.38,8.91
178067,2,36,32,17,14,8.15,8.66,8.38,8.61,8.05
19076,,,,,,8.61,8.53,8.4,8.22,7.96
173840,0,50,30,11,8,9.1,7.76,9.4,8.48,8.88
167605,2,34,32,25,8,9.03,8.83,8.36,7.95,8
66381,0,0,100,0,0,8.66,8.34,8.36,8.06,8.18
11088,,,,,,9.21,8.22,8.51,8.52,8.36
118384,11,36,39,11,3,9.52,8.3,8.64,8.95,8.25
53152,0,63,27,4,6,8.51,8.6,8.2,8.03,7.44
31922,,,,,,8.55,8.4,8.46,8.3,8.63
185285,0,47,36,11,6,8.08,8.06,8.56,8.59,8.69
78294,0,4,78,17,0,6.2,8.16,7.52,7.69,10
134136,8,13,41,36,2,8.94,7.06,7.98,8.95,8.33
49483,,,,,,8.72,8.36,8.28,8.62,8.13
117786,2,69,17,7,5,8.62,8.67,8.6,8.23,8.68
68073,3,48,36,8,5,8.66,8.62,7.73,8.28,8.42
36742,,,,,,8.84,8.28,7.77,8.28,7.38
152680,2,33,36,20,10,8.15,8.32,8.55,8.49,8.18
66102,,,,,,9.16,8.45,7.77,8.44,8.12
140652,7,63,17,9,3,9.27,8.25,7.46,7.44,7.9
129049,4,51,25,17,4,8.69,8.27,8.02,8.02,7.78
29797,0,45,36,18,0,8.94,8.38,7.64,8.54,7.85
189118,1,38,31,19,11,8.64,8.14,8.45,8.59,8.3
67195,,,,,,9.08,8.25,7.86,8.49,8.38
18353,,,,,,8.2,8.3,8.58,8.61,8.68
164101,7,40,21,23,9,9.41,8.21,7.47,8.21,8.02
96910,0,60,40,0,0,9.41,8.58,8.29,8.49,7.58
160750,28,31,5,31,4,8.96,7.79,5.82,6.85,9.62
135807,0,7,77,14,1,6.5,7.58,9.35,8.29,4.5
51786,,,,,,8.06,8.56,8.54,8.54,8.16
65923,0,33,33,0,33,8.24,8.55,8.36,8.35,8.18
189053,1,48,28,15,8,8.94,8.26,8.28,8.48,8.35
50721,,,,,,8.72,8.47,8.24,8.47,8.88
44006,,,,,,8.79,8.28,7.99,8.08,9
52996,,,,,,9.28,8.45,7.56,8.53,7.33
56065,,,,,,8.91,8.69,6.71,7.82,7.09
134133,2,52,44,2,0,8.32,8.32,8.8,8.03,8.22
16121,,,,,,9.14,8.26,8.12,7.9,9
129459,2,44,33,15,6,9,8.61,8.04,8.41,8.41
118323,1,55,28,12,4,8.7,8.71,8.46,8.41,8.32
152625,5,73,14,6,3,9,8.48,8.04,8.2,8.3
73074,,,,,,8.78,8.25,8.1,7.93,7
74453,0,25,50,0,25,9.23,8.6,8.31,7.81,7.45
129164,2,12,53,31,2,9.46,8.12,8.62,8.12,9
27564,0,100,0,0,0,8.79,8.45,8.29,8.27,7.76
69689,,,,,,8.54,8.56,8.05,8.1,8.27
101062,,,,,,8.33,7.99,8.12,9.07,9.33
168045,0,30,40,13,17,9.2,8.28,8.51,8.2,8.51
109971,0,16,59,23,2,9.15,8.32,8.47,7.96,7.6
74736,,,,,,9.32,8.27,7.34,8.17,7.25
136845,1,44,26,16,14,8.72,8.19,8.72,8.36,9
99769,1,45,37,11,6,8.39,8.59,8.97,8.44,9.33
145376,0,7,75,17,1,7.89,7.67,8.44,7.17,1
34190,,,,,,8.38,8.24,8.62,8.48,8.88
187787,8,40,25,20,7,8.95,8.24,8.11,8.58,8.83
34501,,,,,,8.91,8.28,7.36,8.16,7.84
38364,,,,,,8.36,8.42,8.45,8.48,8.44
51781,,,,,,8.92,8.34,7.86,8.7,7.97
125423,0,56,21,12,12,9.38,8.64,8.16,8.51,8.84
75241,,,,,,7.8,8.6,8.4,8.38,7.76
14425,,,,,,8.56,8.47,8.26,8.21,8.6
108734,3,44,36,8,8,9.56,8.39,8.54,8.48,8.93
170859,12,48,23,11,6,8.8,8.18,8.6,8.55,8.27
10068,,,,,,8,8.1,8.48,8.82,9.33
11757,0,100,0,0,0,8.08,8.44,8.43,8.44,8.76
95808,0,29,43,14,14,8.29,7.93,8.83,8.49,9.26
148996,0,73,27,0,0,9.37,8.61,7.56,7.83,7.67
38384,,,,,,8.75,8.06,7.86,8.53,8.64
84843,,,,,,8.72,7.28,7.68,8.38,8.75
159892,3,51,24,16,6,8.93,8.36,7.8,7.71,7.8
17116,,,,,,7.94,8.49,8.72,7.92,9.09
56225,0,60,10,10,20,8.7,7.85,7.92,8.64,9.63
34431,,,,,,8.73,8.44,8.21,7.94,8.44
53350,7,15,34,40,4,8.92,8.49,8.13,8.44,8.37
66725,8,42,25,8,17,8.91,7.81,7.97,8.09,8.23
12918,2,9,59,29,1,8.75,8.34,8.46,8.43,9.42
100015,0,50,28,14,9,9.04,8,7.6,7.89,8.92
191143,,,,,,8.44,9.06,7.84,7.22,8.15
24522,,,,,,8.66,8.22,8.25,8.61,8.67
52245,,,,,,8.75,8.42,8.26,8.55,8.12
106522,9,50,21,18,2,8.86,8.38,8.5,8.24,8.09
38319,,,,,,8.78,8.35,7.75,8.59,8.56
142625,10,65,16,7,2,8.73,8.57,8.25,7.97,7.99
52551,,,,,,8.61,8.2,8.41,8.22,8.33
89755,0,53,33,7,7,8.86,8.26,7.87,8.04,7.73
68258,,,,,,8.12,8.47,8.34,8.35,8.35
97612,3,58,29,8,3,8.64,8.25,8.09,7.98,8.3
144968,3,38,30,22,7,8.96,8.63,8.33,8.44,8.69
185912,4,41,35,14,6,8.44,8.51,8.43,8.29,8.2
19459,,,,,,8.33,8.31,8.31,8.53,8.86
83546,,,,,,8.85,7.84,7.63,8.43,8.29
88494,,,,,,8.7,7.45,9.03,8.32,7.75
129096,31,44,9,15,1,9.64,7.66,5.45,8.03,6.88
19503,,,,,,9.14,8.28,8.29,8.63,7.56
133496,1,32,30,24,12,9.12,8.26,7.61,8.08,8.22
137347,1,54,31,12,1,9.54,8.61,7.86,8.32,8.64
134891,0,20,40,20,20,8.87,8.55,8.21,8.32,9.05
125405,4,67,20,7,3,9.36,8.47,8.15,8.55,8.87
53307,,,,,,8.86,8.57,8.4,8.12,8
47425,,,,,,8.62,8.25,8.4,8.08,7.77
38572,,,,,,8.89,8.22,7.88,8.12,8.18
94300,,,,,,7.08,8.37,8.66,8.44,8.92
65113,,,,,,8.62,8.34,8.21,8.59,8.81
86823,,,,,,8.53,8.41,8.23,8.53,8.77
54704,,,,,,8.55,8.49,8.17,8.23,8.26
125439,1,7,57,34,2,8.71,7.22,7.11,6.84,7.36
10636,,,,,,9.03,8.2,8.56,8.02,7.74
55405,,,,,,8.64,8.39,8.12,8.31,8.42
32667,0,67,33,0,0,8.71,8.27,8.21,8.79,8.16
37974,,,,,,8.77,8.18,8.03,7.89,7.96
175318,15,54,16,12,3,9.08,7.91,8.01,8.11,8.61
91606,,,,,,9.06,8.17,7.9,8.36,8.39
65840,,,,,,8.96,8.27,7.37,8.18,7.73
66584,,,,,,8.52,8.59,8.07,8.19,8.49
79315,,,,,,9.23,8.39,7.67,8.51,7.97
130344,0,57,21,7,14,9.62,8.56,8.52,8,7.9
173123,4,44,29,19,4,9.32,8.15,7.54,7.23,7.37
23847,,,,,,8.15,8.53,8.39,8.19,8.8
60022,,,,,,9.18,8.45,8.16,8.45,7.5
137884,0,5,67,28,1,7.27,8.94,7.97,7.48,5
71486,,,,,,8.91,8.4,7.88,8.09,8
110333,2,51,31,13,4,8.56,8.46,8.13,8.05,8.28
102028,,,,,,9.6,8.79,8.39,8.49,8.65
34532,1,56,27,11,5,8.35,8.23,8.33,7.88,7.6
140139,0,6,67,25,1,9.85,8.69,8.53,8.06,7.8
93028,2,45,35,18,0,8.81,8.25,8.46,8.6,8.1
39441,,,,,,8.6,8.35,8.23,8.28,8.27
167637,6,40,34,9,11,8.46,8.53,8.17,8.29,7.9
113165,10,51,15,15,9,8.25,8.28,8.16,8.18,8.81
171785,6,53,24,12,6,8.33,8.34,8.31,8.37,8.14
60480,,,,,,8.9,8.35,8.05,8.35,8.31
141104,4,51,23,16,5,8.92,8.11,7.81,7.52,7.42
37642,,,,,,8.24,8.45,8.51,8.23,7.84
28845,,,,,,8.74,8.34,8.21,8.58,7.8
149747,3,64,23,7,3,8.82,8.2,7.84,8.46,8.77
142803,8,55,18,15,3,9.09,7.48,7.38,8.12,8.07
150097,2,53,31,10,4,7.04,8.08,8.47,8.2,7.59
98483,0,41,38,16,6,9.64,8.46,8.85,8.71,9
151153,2,42,30,21,5,8.5,8.03,8.29,8.3,8.28
69099,,,,,,8.79,8.44,7.76,7.63,8
135874,5,57,22,13,2,9.02,7.92,7.38,6.85,7.3
66820,7,50,27,13,3,8.68,8.16,8.12,8.25,8.16
114142,,,,,,10,8.54,8.37,8.19,8.08
148863,2,32,37,15,15,7,8,8.09,7.33,9.06
52498,,,,,,9.23,7.61,7.44,7.88,7.33
110649,0,18,45,36,0,7.87,8.28,8.57,8.7,8.62
42842,,,,,,8.74,8.01,7.83,8.21,8.41
122197,1,8,69,22,1,9.02,8.78,8.19,7.28,9.57
26350,,,,,,8.78,8.32,8.48,8.27,8.16
10073,20,40,20,0,20,9,8.47,8.2,7.98,7.74
94767,4,47,22,20,8,8.73,7.9,7.36,8.04,8.15
49637,,,,,,8,8.41,8.59,7.75,8
54349,,,,,,9,8.43,8.45,8.04,8.7
63969,0,40,20,20,20,8.67,8.42,8.04,8.44,8.67
124288,2,50,33,12,3,9.4,8.81,8.27,8.71,9.41
86843,0,71,29,0,0,8.86,8.48,8.2,8.04,8.02
158645,1,44,36,11,8,8.29,8.4,7.71,8.43,8.16
20308,6,64,20,9,2,8.66,8.3,8.16,8.06,7.52
101963,6,35,34,22,2,9.05,8.62,7.9,8.14,8.77
175039,5,36,45,9,5,9.2,8.34,8.35,8.27,8.47
147945,2,40,31,15,13,8.4,8.56,8.16,7.89,7.9
47414,,,,,,8.58,8.3,8.17,8.66,8.37
193804,5,49,31,6,9,8.8,8.37,8.43,8.14,8.06
18347,,,,,,9.12,8.21,8.37,8.17,7.8
134859,4,49,18,22,8,9.47,8.42,8.32,8.59,8.18
172816,4,26,41,29,0,8.83,8.27,8.22,8.33,7.43
66001,,,,,,9.17,8.24,8.07,7.81,8.73
137908,3,39,37,19,3,9.25,8.68,7.93,8.76,9.08
192150,3,42,38,12,4,9.07,8.29,7.99,8.33,8.52
193781,1,52,34,5,8,9.48,8.2,7.86,8.36,8.75
47428,,,,,,7.59,8.31,8.34,8.68,8.97
52972,,,,,,8.68,8.48,8.18,8.41,8.16
22080,,,,,,9.04,8.5,8.15,7.98,7.47
158626,2,59,26,8,5,8.24,8.11,8.27,8.45,7.86
72222,,,,,,8.96,8.39,8.07,8.23,7.84
95873,,,,,,9.05,8.5,7.77,7.82,8.22
150688,2,9,55,32,2,8,7.77,7.25,7.18,7.5
78845,0,49,31,12,7,7.7,8.49,8.19,8.42,8
113303,5,47,16,16,16,8.88,8.8,8.43,7.95,7.9
65751,,,,,,8.57,8.35,7.75,8.57,8.76
144213,25,42,17,17,0,9.3,7.77,7.67,8.32,9.07
137976,0,45,38,11,6,8.68,8.66,8.49,8.14,8.2
167105,3,53,26,13,5,8.31,8.12,8.09,8.11,8.16
65553,,,,,,9.12,8.08,7.16,8.21,8.23
182407,4,39,30,13,13,6.41,8.88,8.35,7.46,8.73
125466,2,54,27,12,4,8.44,8.21,8.38,8.57,8.1
10066,,,,,,8.49,8.3,8.62,7.47,7.95
146459,2,51,26,16,6,9.01,8.46,8.23,8.46,8.43
40034,,,,,,8.65,8.35,7.92,7.98,7.24
155665,4,46,25,18,7,8.4,8.05,8.1,8.11,8.03
149576,0,8,75,16,1,5.5,8.56,8.61,3.67,1
51957,,,,,,8.62,8.31,8.04,8.16,8.79
76791,,,,,,9.45,8.33,7.24,6.32,7.87
60510,,,,,,8.31,8.5,7.93,7.74,8.38
78846,,,,,,8.11,8.46,8.51,8.25,8.36
118955,3,33,42,17,6,8.73,8.27,8.41,8.25,8.18
113983,1,49,32,15,3,8.33,8.66,8.45,8.32,9
134685,1,8,65,25,1,7.71,9.57,7.67,6.38,10
28789,0,72,28,0,0,8.97,8.6,7.77,8.36,7.41
125841,7,21,45,26,2,8.86,8.68,8.65,9.04,9.24
142292,,,,,,8.94,8.19,8.27,8.35,7.18
94183,0,3,63,33,1,9.23,9.31,7.44,8.45,9.67
39910,,,,,,9.04,7.96,7.14,9.12,7.17
115955,12,88,0,0,0,9.42,8.72,8.31,7.22,7.79
92067,,,,,,8.75,8.52,8.24,8.27,9.01
120157,6,58,22,11,3,9.02,8.42,7.8,7.52,7.77
103178,1,48,32,10,8,8.42,8.2,8.36,8.54,9
37708,,,,,,8.24,8.41,8.22,8.52,8
73588,0,20,60,0,20,9.29,8.47,8.23,8.47,7.52
33652,,,,,,8.43,8.16,8.45,8.32,8.62
34416,,,,,,8.42,8.29,8.29,8.24,8.27
98438,6,50,27,15,2,8.65,7.94,7.39,7.2,7.25
10095,,,,,,8.94,8.11,8.47,8.39,7.69
113163,5,44,31,16,4,9.31,8.1,8.41,7.98,8.33
92827,,,,,,8.6,8.48,8.31,8.22,9.12
76439,,,,,,8.59,8.45,7.85,8.34,8.16
127707,1,7,72,19,1,7.55,8.9,8.83,7.71,0
76444,,,,,,9.09,7.36,7.48,7.69,7.15
144975,2,54,31,8,5,8.75,7.65,8.02,7.62,8.71
172344,1,26,22,24,27,8.55,8.19,7.34,8.14,8
91700,,,,,,8.7,7.93,7.34,7.61,9.69
94170,,,,,,8.69,8.62,7.86,7.21,9.22
163844,1,5,65,28,1,6.63,9.05,8.56,7.65,7.8
130720,3,56,24,13,4,9.03,8.19,8.01,8.25,8.19
37733,,,,,,8.59,8.23,8.48,8,9
102431,0,100,0,0,0,9.16,8.51,8.46,7.52,7.27
128235,6,57,23,11,3,9.18,8.55,8.09,7.96,7.55
25970,,,,,,8.54,8.15,8.2,8.41,8.72
47370,5,50,32,8,5,8.29,8.34,8.27,8.07,8.12
63515,,,,,,8.55,8.37,8.12,8.02,7.6
85640,,,,,,8.92,7.74,8.31,8.74,8.4
174903,4,40,28,21,7,9.13,8.2,7.81,8.07,7.91
31606,,,,,,8.87,8.04,7.87,8.22,6.97
139438,1,44,33,11,12,8,8.14,8.23,8.07,9.12
103324,2,8,63,26,1,7.37,8.15,9.01,8.88,9.6
179398,8,71,17,3,1,9.36,8.72,6.9,6.85,6.66
113344,8,61,15,13,3,9,8.12,7.32,7.94,8.48
116234,2,59,25,10,3,8.69,8.5,8.24,7.8,7.97
162423,0,42,33,17,8,9,7.78,8.48,8.32,9.04
156200,0,5,60,33,1,5.45,7.55,6.16,8.18,1.25
39427,,,,,,8.51,7.95,8.17,7.98,8.4
45535,,,,,,8.3,8.38,8.29,7.83,8.23
13244,4,55,23,14,5,8.24,8.24,8.37,8.66,8.25
146480,,,,,,8.78,8.24,7.94,7.92,8.21
41334,,,,,,8.56,8.19,8.03,8.42,7.15
34076,,,,,,9.12,7.94,8.06,8.35,7.89
71083,,,,,,8.53,8.26,8.11,8.56,8.36
47404,,,,,,8.55,8.39,7.98,8.52,8.25
31310,,,,,,8.98,8.41,7.86,7.85,8.24
57897,,,,,,8.85,8.23,7.7,8.3,7.67
156083,6,69,16,7,2,8.36,8.28,8.27,8.02,8.4
74893,,,,,,9.01,7.93,7.46,7.93,7.59
113301,2,8,57,31,2,7.94,7.9,6.76,7.53,9.2
158621,0,18,64,0,18,9.29,8.35,8.47,8.23,8.14
99794,,,,,,8.86,8.24,7.98,8.15,8.1
159894,6,36,36,6,15,8.5,8.61,7.92,8.34,8.66
31371,0,0,100,0,0,8.84,8.22,7.68,8.19,7.93
43210,,,,,,8.7,8.03,7.91,8.58,8.26
133457,0,9,61,29,1,9.09,7.64,7.33,7.78,7.31
154136,0,40,40,20,0,6.5,8.45,8.42,7.96,8.45
52553,5,67,21,5,3,8.56,8.13,8.06,8.4,8.65
42877,,,,,,8.83,8.42,7.62,7.73,7.08
64923,,,,,,9.03,8.06,7.52,7.09,7.11
121922,5,49,24,16,5,9.07,8.16,7.64,8.03,7.83
82473,4,58,26,11,2,8.24,7.92,7.98,8.73,8.54
40101,,,,,,8.52,8.3,8.02,8.41,8.13
72043,,,,,,7.65,8.41,8.51,8.36,8.32
63824,,,,,,9,7.86,7.76,8.65,7.91
169637,2,30,40,23,5,8.19,8.02,8.24,8.04,8.29
32723,,,,,,8.68,8.26,8.06,8.04,8.84
68086,,,,,,8.66,8.24,8.03,8.24,8.67
162249,2,48,30,17,4,8.5,8.05,7.89,8.13,7.81
51082,,,,,,9.37,7.77,6.74,8.26,7.02
39908,,,,,,8.5,8.23,8.18,8.49,8.42
32972,,,,,,7.09,8.07,8.49,8.86,8.48
66253,,,,,,8.6,8.51,7.59,8.03,7.83
105015,10,58,18,12,2,9.12,7.89,7.2,7.71,9.51
196809,2,45,36,12,4,8.74,8.58,8.26,7.95,8.32
210282,4,46,33,12,5,8.49,8.52,8.47,8.28,8.31
74058,,,,,,6.91,6.33,5.81,6.28,9.55
29223,,,,,,8.86,8.03,8.27,8.42,7.89
63562,,,,,,8.67,7.81,7.61,7.88,7.69
163831,2,41,24,18,15,8.65,8.37,8.12,8.07,8.43
16570,,,,,,8.77,8.32,8.12,7.96,7.87
187629,2,45,31,16,5,7.03,7.75,8.35,8.75,8.3
102817,7,45,26,19,4,8.88,7.91,7.79,8.31,8.19
66834,,,,,,8.5,8.2,8.08,8.76,8.67
37720,,,,,,8.83,8.23,8.22,7.61,7.17
62560,,,,,,8.69,8.27,7.91,8.38,8.53
174832,3,33,36,12,16,6.25,8.14,7.89,7.72,8.93
133223,1,6,64,28,1,8.29,8.58,7.32,7.93,6.17
86177,,,,,,8.29,8.75,7.91,8.01,8.52
127361,7,66,17,6,4,9.27,8.43,7.97,8.02,8.86
16201,,,,,,7.62,8.02,8.37,9.04,7.67
142384,3,43,25,22,7,8.73,7.35,6.97,7.8,8.21
107306,2,59,25,9,5,8.58,7.87,7.76,8.11,9.46
63113,0,65,21,12,3,9.19,8.59,7.91,7.65,8.47
153652,6,58,19,13,4,8.89,7.81,7.5,7.28,7.46
137972,0,30,38,30,1,9.18,7.98,8.09,8.35,8.64
172117,33,42,6,17,2,9.33,5.34,5.97,8.31,6.88
39840,,,,,,8.66,8.26,8.17,8.08,7.72
189141,6,49,25,14,6,9.23,8.39,7.56,7.9,7.63
140787,1,36,28,19,15,10,8.08,7.53,8.24,8.06
57829,,,,,,8.38,8.5,7.8,7.78,8.52
136893,8,57,21,11,3,8.68,7.83,8.36,8.43,8.26
136869,3,52,27,14,5,8.76,8.7,7.95,7.38,7.65
158266,0,7,75,18,0,10,10,7.83,1.33,0
43610,,,,,,8.02,8.3,8.4,8.25,8.57
125419,3,57,20,6,14,8.24,8.28,8.41,8.14,7.78
42931,,,,,,8.31,8.29,8.34,7.54,8.73
159806,3,38,25,24,9,8.72,8.19,8.06,8.28,8.64
68204,,,,,,8.08,8.18,8.84,8.07,8.55
60548,,,,,,5.95,7.7,8.37,8.67,7.95
118953,7,48,19,23,2,8.68,8.16,7.74,8.06,8.01
116327,0,6,65,28,1,8.52,8.78,8.62,8.47,8.25
53041,,,,,,8.56,8.14,7.84,7.98,7.71
105002,,,,,,9.17,8.21,7.97,8.39,8.35
194813,3,39,37,15,7,7.8,8.65,8.94,8.21,8.41
125468,2,37,23,23,14,9.06,8.53,7.74,7.5,7.73
134847,0,7,63,28,1,8,8.02,7.91,8.19,8.71
143390,3,52,29,11,5,9,7.95,7.93,7.44,7.23
32975,,,,,,8.29,8.42,7.71,8.17,8.5
49336,8,60,15,10,8,7.63,7.91,8.21,8.22,8.45
85633,,,,,,8.32,8.06,8.28,8.71,8.88
38823,,,,,,8.39,8.27,8.25,7.77,7.7
69866,,,,,,8.15,8.38,8.14,7.73,9.02
28910,,,,,,8.81,8.19,8.12,8.21,8.52
127866,5,39,23,30,3,9.33,7.92,7.65,8.34,8.95
84414,,,,,,8.72,8.24,8.02,7.93,8.51
106332,7,70,16,5,2,8.52,8.5,8.21,8.02,7.4
63485,,,,,,8.4,8.21,8.19,8.01,8.67
147054,2,29,29,24,17,9.32,8.1,8.13,7.46,7.19
73301,,,,,,8.61,8.02,7.89,8.48,8.06
90885,,,,,,8.8,8.21,7.77,8.31,9.38
165669,17,62,16,3,2,9.14,8.34,7.83,7.35,8.05
82227,,,,,,8.78,8.18,7.94,7.67,7.29
78672,,,,,,8.12,8.3,8.31,7.42,9.27
118347,10,59,20,8,2,8.44,8.4,8.31,8.19,7.96
70615,,,,,,9.01,8.69,7.72,7.64,8.15
164172,6,52,21,16,6,9.18,8.16,7.45,7.76,7.9
82262,,,,,,8.72,8.45,8.14,7.73,8.38
91603,,,,,,8.48,8.45,8.13,7.96,8.21
125426,6,57,21,11,5,8.61,8.47,8.32,8.09,7.35
47364,,,,,,8.28,8.33,8.02,8.38,8.04
41592,,,,,,8.79,7.9,7.84,8.12,7.45
79770,0,53,32,9,6,8.58,8.19,8.15,8.65,8.83
82389,,,,,,8.41,8.4,8.01,8.35,8.46
51386,,,,,,9.34,7.12,6.93,8.32,7.81
123275,6,55,27,6,6,7.95,8.54,8.35,8.5,8.1
66464,0,100,0,0,0,8.5,7.83,8.01,8.24,8.15
108043,,,,,,8.73,8.2,8.29,8.55,8
25917,0,86,14,0,0,8.51,8.48,7.19,7.76,7.97
85141,0,50,50,0,0,8.11,8.19,8.25,8.61,8.33
114282,7,72,14,6,2,8.72,8.08,8.01,7.98,7.95
91189,,,,,,8.16,8.26,8.06,8.6,8.29
39632,,,,,,8.7,8.26,7.43,7.45,7.22
58273,,,,,,7.46,8.24,8.31,8.5,8.1
193092,0,14,38,31,17,7.33,7.28,8.27,8.18,9.06
78300,,,,,,8.32,8.37,8.13,8.83,7.23
157500,2,7,57,34,1,9.14,8.75,7.55,8.38,10
54871,,,,,,8.68,8.09,8,8.29,7.97
42869,,,,,,8.56,8.14,8.07,7.72,8.22
12787,2,60,19,5,14,9,8.52,7.33,8.35,8.11
51777,0,57,43,0,0,8.76,8.37,7.75,8.09,8.09
151192,3,52,22,18,6,9.48,7.94,7.54,8.16,8.81
69339,,,,,,8.34,8.43,7.71,7.91,8
54290,,,,,,8.75,8.29,8.05,8.04,8.44
38138,,,,,,8.76,7.85,6.85,7.86,6.24
175045,0,53,27,12,8,8.83,7.9,8.25,8.33,8
77835,,,,,,9.27,8.11,8.22,8.02,8.61
65242,,,,,,8.64,8.07,7.67,7.96,8.54
69023,0,100,0,0,0,7.95,8.29,8.29,8.17,7.79
22749,,,,,,8.92,8.16,7.9,7.29,8.75
100990,9,51,21,15,3,8.47,7.93,7.63,7.81,9.51
36352,,,,,,8.58,8.34,7.41,7.95,8.29
92003,10,48,23,17,2,8.91,8.05,8.03,8.23,8.15
29892,,,,,,9.3,8.53,7.21,7.89,8.38
64089,0,100,0,0,0,9.13,7.85,7.76,7.58,8
81464,4,49,27,14,6,9.01,8.39,8.54,8.23,8.83
35110,,,,,,8.64,8.14,8.12,7.56,8.62
175322,4,52,25,15,4,8.53,7.79,8.29,8.35,8.15
64161,,,,,,8.69,8.05,7.75,8.11,8.26
66751,2,59,24,6,9,8.16,8.25,8.04,8.22,8.37
43679,,,,,,8.98,7.46,6.27,8.51,7.85
149797,4,51,40,4,0,9.2,8.44,8.19,7.26,7.94
47401,,,,,,8.48,8.19,7.86,8.28,8.62
17920,,,,,,8.1,8.35,8.36,8.21,7.13
48227,,,,,,9,7.62,7.22,8.18,7.11
69467,,,,,,8.72,7.91,7.37,8.1,7.48
36720,,,,,,8.21,8.25,8.38,7.81,8.52
132933,5,47,23,20,5,8.51,7.83,7.7,7.93,7.46
98744,0,60,10,30,0,7.33,8.1,8.57,8.17,8.55
67901,,,,,,8.65,7.64,6.37,7.75,7.29
42690,,,,,,7.61,8.43,8.27,7.85,7.91
164108,0,50,33,17,0,8.38,7.2,8.54,8.29,8.96
80219,0,28,50,14,8,6.64,7.5,7.95,8.16,9.4
61845,,,,,,8.58,8.25,7.72,8.06,8.39
61103,,,,,,8.5,8.1,8,8.28,8.17
118652,3,41,26,19,11,8.65,8.62,7.81,8.02,8.9
102309,3,71,13,11,3,9.02,8.6,7.99,7.78,5.9
36839,,,,,,9.01,7.52,7.33,7.95,8.37
124844,0,47,30,21,2,8.57,8.05,8.5,8.8,9.28
91391,,,,,,8.44,8.22,7.59,7.18,9.47
37951,0,100,0,0,0,8.38,8.22,7.96,8.4,8.28
35941,,,,,,8.18,7.7,8.14,8.18,9.25
127378,0,9,60,28,1,8.62,8.73,8.16,8.08,9.11
93002,,,,,,8.72,7.69,7.54,8.31,7.33
75426,3,69,22,5,2,8.79,8.11,7.54,7.57,8.4
76956,,,,,,8.38,8.4,8.51,7.8,7.36
164932,8,71,13,5,2,8.47,8.1,7.95,8.42,8.55
129671,2,52,34,9,4,9,7.93,8.57,7.57,8.17
65197,,,,,,8.53,8.3,8.08,7.86,8.3
125414,4,49,24,17,5,9.09,8.14,7.63,7.55,8.59
18564,,,,,,8.76,7.88,7.8,7.77,9.16
65513,,,,,,8.24,8.38,7.54,7.73,8.67
38906,,,,,,8.64,8.25,7.35,7.73,8.04
148647,11,64,23,3,0,8.56,8.81,8.21,6.94,5.64
28267,0,50,50,0,0,8.72,8.29,8.29,6.97,8.51
34486,,,,,,8.19,7.96,8,8.76,8.82
76692,,,,,,8.77,8.49,7.47,7.19,7.83
51132,,,,,,8.74,8.05,7.15,8.07,7.86
93793,5,35,30,23,8,8.79,8.28,7.83,8.58,7.86
38582,,,,,,8.72,7.64,7.39,8.39,8.76
66520,,,,,,8.36,8.22,7.96,8.39,8.08
17416,,,,,,8.37,7.97,8.35,7.92,8.75
39723,2,56,27,8,6,8.26,8.28,7.85,7.75,8.11
31939,,,,,,8.59,8.08,7.93,8.12,8.39
87163,0,86,14,0,0,9.02,8.52,8.03,7.51,8.54
190722,3,46,33,10,8,7.28,8.29,8.13,8.23,7.99
10024,,,,,,8.8,7.94,8.57,7.65,8.48
75173,,,,,,9.11,7.99,6.91,8.05,7.73
90922,2,38,24,14,22,8.88,7.9,7.64,8.22,8.69
87305,,,,,,8.73,8.13,7.9,7.71,7.47
160399,6,62,20,9,3,8.83,8.05,7.9,8.24,8.39
27404,0,33,67,0,0,8.18,8.34,8.08,7.92,8.46
97693,,,,,,6.75,7.93,8.64,8.92,8.89
119430,3,55,27,13,2,8.84,8.16,7.78,8.27,8.93
114225,4,50,25,16,5,8.57,8.27,8.15,8.36,8.68
82924,,,,,,8.51,8.26,8.21,8.03,7.46
76452,,,,,,8.38,8.19,8.18,8.23,7.98
80626,,,,,,8.32,8.33,8.09,8.25,7.68
63017,,,,,,8.77,7.98,7.68,8.61,7.49
115642,6,66,15,10,2,8.25,7.38,6.92,7.26,7.22
159741,10,65,21,3,1,9.21,8.13,8.1,7.96,8.9
28099,,,,,,8.83,8,7.94,8.02,8.1
65877,,,,,,9.02,7.75,7.48,8.03,8.6
65836,,,,,,8.32,8.09,7.73,8.08,9.35
118954,0,56,24,9,11,9.07,8.57,8.1,8.22,8.6
109640,2,44,39,9,6,7.38,8.2,8.37,7,8.44
81834,,,,,,8.28,8.13,8.24,7.93,9
47701,9,55,36,0,0,8.26,8.07,8.23,8.64,8.04
100676,1,50,41,7,1,8.62,8.25,8.11,8.06,8.55
33837,,,,,,8.57,8.02,7.56,8.32,7.84
65473,,,,,,8.78,7.92,7.33,7.97,7.92
107053,3,4,69,24,1,8.7,8.45,8.41,7.79,7.57
90591,4,59,24,9,3,9.23,8.46,8.2,7.95,7.75
106335,11,60,18,9,1,8.74,7.73,7.97,8.3,8.2
66510,,,,,,8.27,8.19,8.03,8.21,8.72
17417,,,,,,8.49,8.12,8.37,7.94,8.17
101953,1,53,32,8,6,8.4,8.22,7.78,7.55,7.91
191637,2,28,36,27,7,8.42,8.21,8,7.86,7.17
68063,,,,,,8.22,8.28,7.88,7.86,8.34
26980,,,,,,8.64,8.34,8.11,7.34,5.22
72327,,,,,,8.47,8.14,7.96,7.9,8.41
66069,,,,,,8.71,8.12,7.73,7.88,8.27
151151,2,29,29,32,8,8.22,7.16,8.21,8.54,7.96
39563,,,,,,8.83,7.08,7.03,8.42,8.27
93217,,,,,,8.79,8.4,7.86,8.17,7.86
153729,5,58,26,5,5,9,7.61,8.5,8.36,7.33
17462,,,,,,8.25,8.13,8.02,8.37,8.58
103759,6,64,24,6,0,8.96,8.28,7.68,8.17,8.16
61503,,,,,,8.8,8.05,7.16,8.15,7.81
84917,22,44,11,22,0,7.68,7.67,8.5,8.88,8.97
75400,,,,,,8.95,8.26,7.6,8.21,8.21
39614,,,,,,8.41,8.02,7.89,8.46,8.07
72012,,,,,,8.71,7.62,7.46,8.48,7.39
89627,3,60,29,5,4,8.32,8.36,7.95,7.78,8.39
18002,,,,,,8.81,8.15,7.92,8.42,8.13
37716,,,,,,7.58,7.86,8.35,9.03,8.97